1	OK	whole-chapter roadmap claim; chapter intro holds it
2	OK	substitution behind a declared contract: §8.2 abstract entries, §8.5 parametric fields
3	OK	§8.4 is the error-locality grounding
4	OK	§8.1 "Plain Julia, not a macro DSL" (D-032, §1 criterion)
5	OK	§8.2 "Events: state_events" holds the declaration; the naming reason (detection vs scheduling) is the citing chapter's own, as before
6	OK	§8.5 "Class by declaration shape"
7	OK	§8.6 "The leaves: integrate-and-difference"
8	OK	§8.6 holds the idiom, "The exactness condition" and the IMU assembly
9	OK	§8.2 y_types: discrete producer pins wholesale; gated-off discrete producers hold Float64 values
10	OK	§8.3: a field returned in y and declared nowhere is a build error
11	OK	§8.6 boundary declarations map faces to internal endpoints; primitive input faces alias producers' cells and place nothing
12	OK	§8.2 y_types leaf forms: Int/Bool/enum leaves pin
13	OK	§8.2 u_types: "Abstract entries state structural substitutability", terrain = AbstractTerrainField
14	OK	§8.3: "A value a later function reads travels as a declared port like any other"
15	OK	§8.1 "The namespace": a component that declares nothing and defines no stage is rejected; inert component unwritable
16	OK	§8.2 y_types declares the public port contract
17	OK	§8.2 "Completeness": remaining tier-implying declarations must agree
18	OK	§8.3 names DeclaredNotProduced
19	OK	§8.3: "Visibility is binary"
20	OK	§8.6 holds the canonical slash path form
21	OK	§8.6 canonical slash form
22	OK	§8.6 canonical slash form
23	OK	§8.6 the three wiring declarations and their shared direction invariant
24	OK	§8.5 "Container children": "field/1", "field/key" segments
25	OK	§8.5 transparent_container, name-transparent container
26	OK	§8.3 title and rule
27	OK	§8.8 "One authored feed list": every level of a realistic tree is a generic seam
28	OK	§8.8 passthrough helpers over one authored feed list
29	OK	§8.2 "Two clauses check a wire" states both clauses in full. Mutual citation: §8.2's headline cites §6.1 back (as the old text did, R2); not a dead circle since §8.2 holds the content
30	OK	§8.2 y_types: "The first bug lurks, but is never silent" (D-286)
31	OK	§8.6 u_connections hands a face up; root-input paragraph points to §6.1's whole-tree obligation model
32	OK	§8.2 "The stores": the store is the tier marker, mandatory even when empty
33	OK	§8.2 y_types: cell types are the declaration retyped at T by the leaf walk
34	OK	§8.5: fields <: AbstractComponent are children
35	OK	§8.2 "The stores": x_init declares by initial value
36	OK	§8.2: u_types/y_types written at nominal Float64, retyped by the walk
37	OK	§8.3 makes publication a declaration act
38	OK	whole chapter
39	OK	whole chapter
40	OK	§8.4 five walkthroughs
41	OK	§8.8 opening: boundary declarations compute entries from child contracts
42	OK	§8.2 "Stage membership": build probes stage-1 functions first
43	OK	§8.8 opening and helpers: ordinary functions evaluated at build
44	OK	§8.5 "Class by declaration shape"
45	OK	§8.1 "The namespace": shadowing check runs before class is read (§9.1, D-246)
46	OK	§8.2 "Two clauses check a wire"
47	OK	§8.2 "The stores": NamedTuple store form, StoreNotNamedTuple
48	OK	§8.2 y_types tail: walking x_init presupposes the closed leaf vocabulary (§7.1, D-094)
49	OK	§8.2 "Root inputs" (M1 kept it in §8.2): any component may be root, root inputs are its own input faces
50	OK	§8.2 "Completeness" (three rules)
51	OK	§8.3: exactly one stage, two classes, stage membership derived over y_types alone (D-252)
52	OK	§8.8: "the inspectable derived contract of this instantiation"
53	OK	§8.8 names EmptyFaceSelection, a warning on the Build's list (§9.2)
54	OK	§8.1 keeps "fails loudly, at build time where possible" word for word (quote's capital F is the citer's)
55	OK	§8.2 "Root inputs": root-input type is the entry at Float64, only a tight bound determines one
56	OK	§8.3 branch-shape rule
57	OK	§8.2 y_types: cell types are the declaration retyped by the leaf walk
58	OK	§8.2 u_types: "the reading is permissive"
59	OK	§8.2 y_types tail: the type derived from x_init is walked
60	OK	§8.2 y_types: frozen discrete output is a constant with zero partials
61	OK	§8.2 y_types: "The misplaced-pin account"
62	OK	§8.1 keeps "at first execution otherwise" word for word
63	OK	§8.2 contracts declare cell types, retyped per activation
64	OK	§8.2 leaf forms: walking and pinned (Pinned{P})
65	OK	§8.2 y_types: "linearize the continuous dynamics with the discrete state held"
66	OK	§8.6 root-input paragraph: root inputs are the root component's input faces
67	OK	§8.2 requires a store per leaf (x_init or s_init), never a non-empty x
68	OK	§8.7 sample_times in the enclosing assembly
69	OK	§8.3: the table is public throughout, every cell a declared port
70	OK	§8.3: table public throughout; promoting an intermediate is one y_types line
71	OK	§8.2 "Root inputs": assembly's u_connections faces, primitive's u_types keys
72	OK	§8.6 root-input paragraph: assembly root supplies u_connections keys, primitive root its u_types keys
73	OK	§8.6 two-notation rule: the write side speaks face names exclusively (§11.3)
74	OK	§8.2 u_types: a bare NamedTuple of types
75	PREEXISTING	survey D: §8.1 holds the isdefined/!== test ("The namespace") but names no "reflection class"; old §8.1 neither
76	OK	§8.1 "The namespace": bare using defines a new unrelated function
77	OK	§8.5 "Class by declaration shape" keeps both reasons (domain hierarchies; class behind the contract)
78	PREEXISTING	survey D: §8.3 does not say class is implementation detail; §8.5 "Class by declaration shape" does, citing §8.3. Fix: cite §8.5
79	OK	§8.5 Group block: "A declaration is an ordinary function body, and loops and comprehensions build the returned tuple" (M4 kept it in §8.5)
80	OK	§8.6 canonical slash form
81	OK	§8.3 visibility rule: only declared ports are public
82	OK	§8.6 path form
83	OK	§8.4 walkthroughs
84	OK	§8.4 walkthroughs as acceptance targets
85	OK	§8.2 declarations, broad
86	OK	§8.4 walkthroughs
87	OK	§8.8 names EmptyFaceSelection as a Build warning
88	OK	§8.8: resolve and input_faces are build-pipeline primitives, signatures in §13.3
89	OK	§8.6: a face name contains no "/"; dotted prefixes like "pilot.throttle_axis" are author convention
90	OK	§8.4 opening: under inference every failure surfaced inside correct code, later or never
91	OK	§8.4 traces the inversion; §8.1 "The namespace" names it as such
92	OK	§8.8 output_passthrough for one-level routing
93	OK	§8.8 "Generic holding": an imposed derived contract
94	OK	§8.8: "The selectors are exclusive", select beside except and only, on both helpers
95	OK	§8.5 "Group: the on-the-fly assembly" (D-184)
96	OK	§8.2 "The stores": deriving from another declaration is sound (the boundary of legitimate derivation)
97	OK	§8.2 "The stores": the empty store declares the tier
98	OK	§8.2 y_types: embedding guarantee (§9.5) and zero-partial constants
99	OK	§8.2 "Root inputs" (M1): any component may be the root of a build (D-208)
100	OK	§8.8 input_passthrough; §8.2 "Root inputs" names the component test rig
101	OK	§8.2 "Root inputs" (M1)
102	OK	§8.6 slash path form
103	OK	§8.2 "The stores": declared by initial value, base layer of the condition substrate
104	OK	§8.1 "The namespace": per-name import
105	OK	§8.6: face names are arbitrary strings; dotted grouping prefixes are author convention
106	OK	§8.3: the inspection path for an intermediate is declaration
107	OK	§8.6 "The boundary-sampling contract": a taught contract
108	OK	§8.2 y_types: frozen discrete output is a constant with zero partials, semantically exact
109	OK	§8.2 "Root inputs": root-input cells follow the root-input type by retyping that same entry at T
110	OK	§8.2 y_types: "linearize the continuous dynamics with the discrete state held"
111	OK	§8.2 "Root inputs": fan-out combines tolerance by a meet (D-168)
112	OK	§8.2 u_types: on a discrete consumer the declaration pins wholesale
113	OK	§8.2 y_types: discrete producer pins wholesale by tier; frozen discrete output is a zero-partial constant
114	OK	§8.2 u_types/y_types: Float64 leaves walk, Pinned stays put, on the continuous tier
115	OK	§8.2 y_types leaf forms: "Declare Pinned{Float64} and strip with ForwardDiff.value inside the stage" (D-286)
116	OK	§8.6 "The boundary-sampling contract"
117	OK	§8.6 IMU is the worked example of boundary sampling
118	OK	§8.2 authoring declarations
119	OK	§8.5 to §8.7 authoring declarations (range)
120	OK	§8.7 sample_times
121	OK	§8.8 names UnknownFaceSelection with :multiple_selectors and EmptyFaceSelection
122	OK	§8.8 EmptyFaceSelection raised in the passthrough helper
123	OK	§8.4 w1 typo'd wire with did-you-mean; kind name unnamed in old and new alike
124	OK	§8.4 w2 forgotten wire; kind unnamed in old and new alike
125	OK	§8.8 "A face both wired and passed through is a two-producers error" (D-145); kind unnamed in old and new alike
126	OK	§8.2 nominal bound check; kind unnamed in §8.2 old and new ("§6.1 names the bound check's kind too")
127	OK	§8.4 w4 type mismatch naming both endpoints; kind unnamed in old and new alike
128	OK	§8.2 names WalkingFaceAtFrozenEntry
129	OK	§8.2 "Root inputs" names AbstractAtRoot (M1 kept it in §8.2)
130	OK	§8.2 "Root inputs" names RootInputTypeConflict (R14 added the name)
131	OK	§8.2 "Root inputs": fan-out meet; tolerance mixture is legitimate
132	OK	§8.2 "The stores" names StoreNotNamedTuple
133	OK	§8.2 y_types tail: closed leaf vocabulary checked, with the didactic messages; kind unnamed in old and new alike
134	OK	§8.2 "Completeness": a non-empty store needs its update. Kind unnamed in §8.2 old and new; §8.1 names it with a pointer to §8.2 (as old §8.1 did). Optional: name it in §8.2
135	OK	§8.2 "Completeness": an event needs both halves; kind unnamed in old and new alike
136	OK	§8.1 names DeclarationShadowed
137	OK	§8.5 "Class by declaration shape": a type declaring neither family is a build error naming both, did-you-mean when it has component fields. Kind unnamed in §8.5 old and new; new §8.1 (R7 F12) names ClassUnreadable twice with a pointer to §8.5, so naming it in §8.5 would close the pointer
138	OK	§8.5: "inner_connections plus any leaf declaration on one type is a build error"; kind unnamed in old and new alike
139	OK	§8.5 container edges: mixed container is a build error; kind unnamed in old and new alike
140	OK	§8.5 names ContainerNested
141	OK	§8.2 "Completeness" names DeclarationOnWrongTier
142	OK	§8.5 "One arity on both tiers" keeps the name (R5)
143	OK	§8.6: a face name contains no "/"; kind unnamed in old and new alike
144	OK	§8.6: uniqueness across the two boundary declarations; kind unnamed in old and new alike
145	OK	§8.8: a prefix = "" collision is caught by the uniqueness check like any hand-written duplicate
146	OK	§8.6: an entry resolving to a port of the wrong direction is a build error naming method, entry and direction; kind unnamed in old and new alike
147	OK	§8.8 names UnknownFaceSelection
148	OK	§8.8 names EmptyFaceSelection
149	OK	§8.7 keeps the deep-key rule and the continuous-child error (M6 kept both); kind unnamed in old and new alike
150	OK	§8.5 collision bullets: bare key against the §8.7 sugar (D-211, D-215) and against a sibling container field (D-212); kind unnamed in old and new alike
151	OK	§8.5: transparent_container must name a container field of the type; kind unnamed in old and new alike
152	OK	§8.2 names TierUnreadable ("The stores" and "Completeness")
153	PREEXISTING	survey D: §8.5 holds no TierUnreadable, old or new; §8.2 holds it. Fix: drop §8.5 from Appendix C's TierUnreadable
154	OK	§8.2 "Completeness" names StatelessWithoutOutputs (§8.3 now too, R7 F23)
155	PREEXISTING	survey D: §8.5 holds no StatelessWithoutOutputs, old or new; §8.2 (and now §8.3) holds it. Fix: drop §8.5, or cite §8.3
156	OK	§8.2 names IllegalPortType
157	OK	§8.2 y_types tail: discrete stores answer to the isbits rule of §7.3, the s_init label::String message; kind unnamed in old and new alike
158	OK	§8.3: produced-by-two-stages is a build error; kind unnamed in old and new alike
159	OK	§8.3 names DeclaredNotProduced
160	OK	§8.3: a returned port field declared nowhere is a build error at probe with did-you-mean; kind unnamed in old and new alike
161	OK	§8.4 w5; kind unnamed in old and new alike
162	PREEXISTING	survey D: §8.7 never held an argument check; the float-argument error is §10.5 (spec 5349-5350). Old §8.7 held "a bare integer or bare quantity is a declaration error", now cut by M6 to "§10.5 also holds the wrappers' definitions and their validation" (§10.5 5352 carries it). Fix: cite §10.5 in place of §8.7 in Appendix C ArgumentInvalid
163	OK	§8.2 u_types: abstract entries are never the tool for eltype genericity; "Root inputs" names AbstractAtRoot (M1 kept it in §8.2)
164	OK	§8.5 lists sample_times among an assembly's declarations and contrasts containers' lack of a rate scope; §8.7 holds the rate scope itself, as before
165	OK	§8.5 "Class by declaration shape" holds the rule; ClassUnreadable is named in §8.1 with a pointer to §8.5, not in §8.5 itself (old §8.5 did not name it either). Optional: name it in §8.5
166	OK	§8.5 "Container children": "Containers are transparent grouping, not assemblies", no contract, no inner_connections, no rate scope
167	OK	§8.3 states the rule; §8.2 defines y_types as the declared set (old §8.2 did not state the error either)
168	OK	§8.3: a field returned in y and declared nowhere is a build error
169	OK	§8.2 opening: by value, by type, by allocation
170	OK	§8.6 wires and boundary declarations; generic holding itself is §8.8
171	OK	§8.8 "Generic holding": imposed derived contract
172	OK	§8.8 "Generic holding"
173	OK	§8.7 keeps "all are compiled to one (D, Φ) pair per discrete component" (R3)
174	OK	§8.1 "Declarations are the schema authority" keeps the sentence word for word
175	OK	§8.3: the table is public throughout, every cell a declared port
176	OK	§8.2 u_types: input entries
177	OK	§8.6 two-notation rule
178	OK	§8.2 "Root inputs": produced by no component
179	OK	§8.6 root-input paragraph: the root's input faces are the write surface
180	OK	§8.6 boundary declarations
181	OK	§8.2 "Events: state_events": Bool guard boundary-detected, nominal scalar localized (D-179)
182	OK	§8.2 "Events: state_events"
183	OK	§8.2 "The stores" and "Completeness": tier declared by the store; DeclarationOnWrongTier
184	OK	§8.5 "One arity on both tiers" keeps "The tier is read from the store every leaf declares (§8.2)" and the kind name (R5)
185	OK	§8.2 y_types and "Root inputs": cells are walked declarations; the marker authors participation and tolerance
186	PREEXISTING	survey D: §8.2 never states that the nominal activation's conformance check demands exact type match, old or new; §9.5 holds it (D-286 gives the exact check to pinned leaves). Fix: drop §8.2 from the glossary's nominal entry
187	OK	§8.2: one leaf walk over state and contracts; Pinned in y_types and u_types
188	OK	§8.4 five walkthroughs
189	OK	§8.4
190	OK	§8.2 "The stores": deriving from another declaration is sound; §8.6 calls face derivation "the blessed derivation-from-declarations (§8.2)"
191	OK	§8.6 "A worked assembly: the strapdown IMU"
192	OK	chapter-level Spec field
193	OK	chapter-level: loud declarations
194	OK	§8.3 cites D-016 among the rejected designs
195	OK	§8.1 cites D-032
196	OK	§8.4 cites D-032
197	OK	§8.4 keeps five walkthroughs in the same order
198	OK	§8.1 "Contracts are functions of the type" cites D-033 (new citation; old §8.1 held the rule uncited)
199	OK	§8.2 cites D-033
200	OK	§8.1 "Contracts are functions of the type": "a rule authors keep, not a check the build can run", ws_init the exception
201	OK	§8.3 cites D-034
202	PREEXISTING	§8.1 cites no D-039 and holds none of its assembly content, old or new (survey E: Spec fields naming a section that holds nothing of the entry)
203	PREEXISTING	§8.3 cites no D-039; its tie to D-039 (class behind the contract) lives in §8.5, which cites §8.3. Old and new alike
204	OK	§8.5 cites D-039 (plain struct, no AbstractAssembly, builder rejected)
205	OK	§8.8 "One authored feed list" cites D-039 (R7 F7)
206	PREEXISTING	survey D: §8.1 names no "disease"; it accepts redundancy under fail-loud. The drift argument is D-039's own. Old and new alike
207	PREEXISTING	§8.3 does not say class (kind) is an implementation detail; §8.5 "Class by declaration shape" does, citing §8.3. Same pattern as spec 7163 (row 78). Old and new alike
208	OK	§8.6 cites D-040
209	OK	§8.6 cites D-041
210	OK	§8.7 cites D-042
211	OK	§8.4 walkthrough 2 is the ground of the auto-bubbling rejection
212	OK	§8.8 cites D-043
213	OK	§8.4 walkthrough 2 (forgotten wire) kept as item 2
214	OK	§8.6 cites D-046
215	OK	§8.2 cites D-054
216	OK	§8.4 keeps walkthrough 5 (typo'd return field)
217	OK	§8.3 cites D-055 among the rejected designs
218	OK	§8.4 walkthrough 5, which D-055 added
219	OK	§8.6 now cites D-056 at the IMU idiom
220	OK	§8.6 path form (path + field)
221	OK	§8.6 path form
222	OK	§8.6 "The boundary-sampling contract": a taught contract
223	OK	§8.6 cites D-067 at boundary zero's latch
224	OK	§8.2 "The stores": declaration by initial value, D-073 cited
225	OK	§8.2 cites D-073
226	OK	§8.6 holds the IMU content (history)
227	OK	§8.2 "The stores" keeps the condition-substrate ground ("There must therefore be an authored value under every leaf"). The probe-value-barrier and two-form grounds were never in this spec version's §8.2 (the old text already pointed to D-073); not a new circle
228	OK	§8.1 cites D-077 at ws_init
229	OK	§8.2 cites D-077
230	OK	§8.2 "The stores": "none of the by-value arguments below cover it", with the overlay-base argument below. The probe-value-barrier argument was not in old §8.2 either
231	OK	§8.5 "One arity on both tiers": tier read from the store (§8.2); §8.2 holds the walk
232	OK	§8.5 still reads tier with a pointer to §8.2 (history of the "declaration shape" phrasing)
233	OK	§8.8 generic holding, which container element types follow
234	OK	§8.8 "Generic holding"
235	OK	§8.5 class read from which declarations exist
236	OK	§8.5 declaration-shape idiom
237	OK	§8.2 "Completeness" cites D-112
238	OK	§8.4 walkthroughs (kindless rules' grounding), broad
239	OK	§8.8 helper diagnostics, broad
240	OK	§8.1 "The namespace": the import list as normative authoring surface, qualified definition the Base.show idiom
241	OK	§8.1 cites D-117
242	OK	§8.4 traces the error-locality inversion D-117's rejection names
243	OK	§8.4 traces the inversion; §8.1 names it "arriving through the namespace"
244	OK	§8.2 "Root inputs" cites D-120 (the component test rig)
245	OK	§8.2 uses D-122's walked/pinned vocabulary
246	OK	history of a sweep in §8.2
247	OK	history of a sweep in §8.2
248	OK	history of a sweep (Spec field)
249	OK	history of a sweep
250	OK	history of a sweep
251	OK	history of a sweep
252	OK	history of a sweep
253	OK	history of a sweep
254	OK	§8.1 "Plain Julia": redundancy accepted under one non-negotiable condition (fails loudly)
255	OK	§8.6 cites D-129 at the two-notation rule
256	OK	§8.6 two-notation rule (history of the sweep)
257	OK	§8.3 visibility unchanged
258	OK	§8.3
259	OK	§8.3: visibility is binary
260	OK	§8.5 Group: declarations are ordinary functions of the instance
261	OK	§8.5 Group: "Its declarations are ordinary functions of the instance, free to read its fields"
262	OK	§8.1 "Names": four classes (D-144)
263	OK	§8.1 cites D-144
264	OK	§8.6 uses the swept names (history)
265	OK	§8.8 uses the swept names (history)
266	OK	§8.8 keeps the quoted words: "The helper exists for the pass-through case, where an assembly hands a child's unfed requirements up one level"
267	OK	same as previous row
268	OK	§8.8 "One authored feed list": the worked shared-feed-list idiom
269	OK	§8.5 Group: "A declaration is an ordinary function body"; §8.8 cites §8.5 for it
270	PREEXISTING	survey E: D-145's Spec field lists §8.1, which holds nothing of D-145, old or new
271	OK	§8.4 walkthrough 2, which D-145's rejection inverts
272	OK	§8.5: declaration bodies are ordinary code
273	OK	§8.8 cites D-145
274	PREEXISTING	survey D: §8.1 holds no "structure kept in two artifacts"; §8.8 now says it citing D-039 alone (R7 F7). Old and new alike
275	OK	§8.4 walkthrough 2 kept
276	OK	§8.4 error-locality grounding
277	OK	§8.4
278	OK	§8.1 "The namespace" holds the local-scope sibling (D-164)
279	OK	§8.1 cites D-164
280	OK	§8.1: the shadowing check cannot reach the local-scope case
281	OK	§8.3: inspection path for an intermediate is declaration (promote to output)
282	OK	§8.3: FlightCore precedent, promote to output
283	OK	superseded entry's history; §8.5 still reads tier with a pointer to §8.2
284	OK	superseded entry's Spec field; chapter 8 no longer cites D-166 (R7 F2, R9), as ruled
285	OK	superseded entry's Spec field (history)
286	OK	superseded entry's Spec field (history)
287	OK	§8.1 "Plain Julia": a convenience macro remains addable as sugar, never essential, never required (now cited to D-032, R7 F2)
288	OK	superseded entry's history; §8.2 keeps the didactic store messages
289	OK	superseded entry's Spec field; chapter 8 no longer cites D-167 (R9), as ruled
290	OK	superseded entry's Spec field (history)
291	OK	§8.2 "Root inputs" cites D-168
292	OK	§8.2 "Root inputs": "is the FFI door in use"; the meet forced by embedding
293	OK	§8.2 "Root inputs" uses u_connections faces (swept)
294	OK	§8.5 lists u_connections/y_connections (swept)
295	OK	§8.6 cites D-170
296	OK	§8.8 uses the split declarations (swept)
297	OK	§8.8 cites D-171
298	OK	history; §8.8 now has the two helpers, "the name carries the direction"
299	OK	history; new §8.2 defines face at first use ("A face is the name a port wears on its component's boundary")
300	OK	§8.2 face defined at first use
301	OK	§8.3 uses "face"/"port" per D-172 (sweep)
302	OK	§8.6 faces
303	OK	history of a wording fix; new §8.2 "Root inputs" says a primitive's faces are its own port names
304	OK	§8.6 keeps the two-notation rule
305	OK	§8.3 vocabulary (history)
306	OK	§8.2 stores and letters (sweep)
307	OK	§8.7 (sweep)
308	OK	§8.6 IMU code (sweep)
309	OK	§8.7 keeps the continuous-child error (M6 kept it)
310	OK	§8.5 "Class by declaration shape": the one-root rejection and its reasons
311	PREEXISTING	§8.3 does not itself call class (tier) a hidden implementation detail; §8.5 says class is implementation detail behind the contract, citing §8.3. Same pattern as rows 78 and 207. Old and new alike
312	OK	§8.1 shadowing trap (the binding side's "one level down")
313	OK	§8.3 contract as interface
314	OK	§8.5 one-root rejection
315	PREEXISTING	survey D (log 6273): §8.1 holds the isdefined/!== test but names no "reflection class", old and new
316	OK	§8.1 "The namespace": the using/import shadowing trap
317	OK	§8.1 cites D-178 (R7 F24 added it)
318	OK	§8.5 class-by-declaration-shape, which D-178's value-fallback rejection protects
319	PREEXISTING	§8.5 names no signature arities or TierSignatureMismatch since D-263, old and new. Old §8.5 said "There is consequently no signature-shape violation to name"; M5 moved that sentence to D-249's annotation (unit D inventory D-033)
320	OK	§8.5 class-by-declaration-shape
321	OK	§8.1 shadowing defense and the declares-nothing check
322	PREEXISTING	survey E: D-179's Spec field lists §8.1, which holds nothing of D-179; its content is §8.2 "Events: state_events", which now cites D-179
323	PREEXISTING	survey D: §8.1 forbids macros, not introspection; "introspection" appears nowhere in chapter 8, old or new
324	PREEXISTING	survey E: D-182's Spec field lists §8.1, which holds nothing of D-182 (chapter 10's content)
325	PREEXISTING	survey D: "the introspection §8.1 forbids"; §8.1 forbids macros only
326	OK	§8.5 container-children rule and Group
327	OK	§8.5 cites D-184
328	OK	§8.5 keeps the builder rejection (M4 folded it into the Group block)
329	OK	§8.5 "The builder (Assembly() plus add!/connect!) is rejected" (M4 kept it in §8.5)
330	OK	§8.7 cites D-185 at the two forms
331	OK	§8.6 faces as the assembly's boundary
332	OK	§8.3 cites D-194
333	OK	§8.2 cites D-195
334	OK	§8.7 (sweep)
335	OK	§8.6 IMU code (sweep)
336	OK	§8.7 keeps "compiled to one (D, Φ) pair per discrete component" (R3)
337	OK	§8.6 cites D-207
338	OK	§8.8 cites D-207
339	OK	§8.8 "One authored feed list": every level of a realistic tree is a generic seam
340	OK	§8.8 computed spellings (helpers, feed list)
341	OK	§8.3 contract is the interface
342	OK	§8.8 "Generic holding": scalar faces make partial scripting compose (D-207)
343	OK	§8.2 "Root inputs": the tight bound at the ultimate consuming entry; primitive root (history of the retired refusal)
344	OK	same as previous row
345	OK	§8.2 cites D-208
346	OK	§8.6 cites D-208
347	OK	§8.8 cites D-209
348	OK	§8.6: at the root the uniqueness invariant follows the root's class
349	OK	§8.2 "Root inputs" cites D-210 (key in both declarations at the root)
350	OK	§8.6 cites D-210
351	OK	§8.6 uniqueness invariant
352	OK	§8.5 cites D-211
353	OK	§8.6 cites D-211 (name-transparent segments)
354	OK	§8.5 keeps "Containers are transparent grouping, not assemblies"
355	OK	§8.5 cites D-212
356	OK	§8.5: empty containers legal, so parametric code needs no special case
357	OK	§8.6 face-name uniqueness invariant
358	OK	§8.2 frozen-constant semantics of discrete outputs
359	OK	§8.1 cites D-220
360	OK	§8.2 cites D-220
361	OK	§8.5 uses the renamed family (sweep)
362	OK	§8.6 uses the renamed family (sweep)
363	OK	§8.2 cites D-231
364	OK	§8.2 cites D-236
365	OK	§8.2 abstract entries
366	OK	§8.4 cites D-239
367	OK	§8.4 w5 keeps the did-you-mean and the completeness error with stage-product and state-field lists in hand
368	OK	vocabulary sweep (history)
369	OK	vocabulary sweep (history)
370	OK	§8.6 "That read side is the inspection side. It resolves a path with resolve under the instance walk (§13.3)" (R7 F8)
371	OK	§8.1 cites D-246
372	OK	§8.2 cites D-247
373	OK	§8.2 declarations (framed set)
374	PREEXISTING	survey D (log 9273): §8.5 names no signature violation since D-263, old and new. Old §8.5's "no signature-shape violation to name" moved by M5 to D-249's annotation (log 9312-9314), which already says it
375	PREEXISTING	same: D-249's Spec field lists §8.5 for TierSignatureMismatch, which §8.5 never names
376	OK	§8.6 face routes, broad
377	PREEXISTING	survey D (log 9290): history of what §8.5 said; D-249's annotation carries it
378	OK	§8.8 "One authored feed list"
379	OK	§8.8 cites D-251
380	OK	§8.8 selectors exclusive (history)
381	OK	§8.3 cites D-252
382	OK	§8.2 uses "structure step" (sweep)
383	OK	§8.5 (sweep)
384	OK	§8.5: inner_connections is the marker, mandatory even when empty (the log's child_connections is the old name)
385	OK	§8.1 "Contracts are functions of the type": value-discarding u_types(::Engine) signature
386	OK	§8.2 cites D-263
387	OK	§8.3 cites D-263
388	OK	§8.5 cites D-263
389	OK	§8.6: face cells follow the producer's declaration per tier
390	OK	§8.5: inner_connections mandatory even when empty, the class marker
391	OK	§8.2 cites D-264
392	OK	§8.2 u_types: "A walking producer, a frozen discrete producer and a root input are all admissible behind it"
393	OK	§8.2 u_types: genericity obligation checked by the Dual probe
394	OK	§8.2 cites D-265
395	OK	§8.2 now cites D-266 (R7 F20)
396	OK	§8.1 "Names" class 1 (D-267)
397	OK	rename sweep (Spec field)
398	OK	rename sweep
399	OK	rename sweep
400	OK	rename sweep
401	OK	rename sweep
402	OK	rename sweep
403	OK	rename sweep
404	OK	§8.7 rate scopes
405	OK	§8.2 u_types: a discrete consumer pins wholesale; "Root inputs": the meet
406	OK	§8.6 face names arbitrary strings, only "/" barred; §8.8 dotted prefix defaults
407	OK	§8.8 house style (sep = ".")
408	OK	§8.6 bars only "/"
409	OK	§8.1 cites D-279
410	OK	rename sweep
411	OK	rename sweep
412	OK	rename sweep
413	OK	rename sweep
414	OK	§8.6 root-input paragraph: assembly root's u_connections keys or primitive root's u_types keys; nothing downstream distinguishes the two (D-208)
415	OK	§8.2 now cites D-280
416	OK	§8.2 now cites D-286
417	OK	§8.2 keeps the hint word for word
418	OK	§8.5 parametric fields
419	OK	§8.5 parametric fields
420	PREEXISTING	survey D: §8.2 retypes plain declarations by the walk (D-263); "evaluated at" is D-166's vocabulary. Note: new §8.6 still says face cells "are evaluated at the activation scalar" (old wording kept)
421	OK	§8.5 Group: the pattern, the sketch and the anonymous-functions framing
422	OK	§8.8 helpers, selectors, EmptyFaceSelection (D-251)
423	OK	§8.1, broad
424	OK	§8.5 to §8.8, broad
425	OK	§8.8, broad
426	OK	§8.2 store form (D-247)
427	OK	§8.2, broad
428	OK	§8.1, broad
429	OK	§8.2, broad
430	OK	§8.5 to §8.7, broad
431	OK	§8.7, broad
432	OK	§8.2, broad
433	OK	§8.5: a type declaring neither family has no class to read
434	OK	§8.1 "Names": four classes (D-144)
435	OK	§8.1 "The namespace": the import list
436	OK	§8.2 "Events: state_events": order is semantics, priority order used by §10.6
437	OK	§8.6 IMU
438	OK	§8.8 input_passthrough
439	OK	§8.2 y_types: frozen discrete outputs, discrete exemption
440	OK	§8.2: Pinned marker and the handle rule (M1/M2 stayed inside §8.2)
441	OK	§8.2 y_types: "A handle keeps its bulk at Float64 and its activation-dependent part in the parameter"
442	OK	§8.2 u_types: tolerant entries; several producers behind one face
443	OK	§8.2 y_types: "Declare Pinned{Float64} and strip with ForwardDiff.value ... instead of buried mid-expression"
444	OK	§8.6 root-input paragraph
445	OK	§8.2 u_types: discrete consumer pins wholesale; Pinned entries
446	OK	§8.2 y_types keeps "linearize the continuous dynamics with the discrete state held" word for word
447	OK	§8.2 walk rule
448	OK	§8.2 walk rule
449	OK	§8.5 Group: declarations are ordinary functions of the instance
450	OK	history of D-185's adoption, listing §8.7 among amended sections. The quoted "bare integer or bare quantity is a declaration error" left §8.7 under M6; §10.5 (spec 5352) holds it
