81	OK	§8.3 visibility rule: only declared ports are public
82	OK	§8.6 path form
83	OK	§8.4 walkthroughs
84	OK	§8.4 walkthroughs as acceptance targets
85	OK	§8.2 declarations, broad
86	OK	§8.4 walkthroughs
87	OK	§8.8 names EmptyFaceSelection as a Build warning
88	OK	§8.8: resolve and input_faces are build-pipeline primitives, signatures in §13.3
89	OK	§8.6: a face name contains no "/"; dotted prefixes like "pilot.throttle_axis" are author convention
90	OK	§8.4 opening: under inference every failure surfaced inside correct code, later or never
91	OK	§8.4 traces the inversion; §8.1 "The namespace" names it as such
92	OK	§8.8 output_passthrough for one-level routing
93	OK	§8.8 "Generic holding": an imposed derived contract
94	OK	§8.8: "The selectors are exclusive", select beside except and only, on both helpers
95	OK	§8.5 "Group: the on-the-fly assembly" (D-184)
96	OK	§8.2 "The stores": deriving from another declaration is sound (the boundary of legitimate derivation)
97	OK	§8.2 "The stores": the empty store declares the tier
98	OK	§8.2 y_types: embedding guarantee (§9.5) and zero-partial constants
99	OK	§8.2 "Root inputs" (M1): any component may be the root of a build (D-208)
100	OK	§8.8 input_passthrough; §8.2 "Root inputs" names the component test rig
101	OK	§8.2 "Root inputs" (M1)
102	OK	§8.6 slash path form
103	OK	§8.2 "The stores": declared by initial value, base layer of the condition substrate
104	OK	§8.1 "The namespace": per-name import
105	OK	§8.6: face names are arbitrary strings; dotted grouping prefixes are author convention
106	OK	§8.3: the inspection path for an intermediate is declaration
107	OK	§8.6 "The boundary-sampling contract": a taught contract
108	OK	§8.2 y_types: frozen discrete output is a constant with zero partials, semantically exact
109	OK	§8.2 "Root inputs": root-input cells follow the root-input type by retyping that same entry at T
110	OK	§8.2 y_types: "linearize the continuous dynamics with the discrete state held"
111	OK	§8.2 "Root inputs": fan-out combines tolerance by a meet (D-168)
112	OK	§8.2 u_types: on a discrete consumer the declaration pins wholesale
113	OK	§8.2 y_types: discrete producer pins wholesale by tier; frozen discrete output is a zero-partial constant
114	OK	§8.2 u_types/y_types: Float64 leaves walk, Pinned stays put, on the continuous tier
115	OK	§8.2 y_types leaf forms: "Declare Pinned{Float64} and strip with ForwardDiff.value inside the stage" (D-286)
116	OK	§8.6 "The boundary-sampling contract"
117	OK	§8.6 IMU is the worked example of boundary sampling
118	OK	§8.2 authoring declarations
119	OK	§8.5 to §8.7 authoring declarations (range)
120	OK	§8.7 sample_times
121	OK	§8.8 names UnknownFaceSelection with :multiple_selectors and EmptyFaceSelection
122	OK	§8.8 EmptyFaceSelection raised in the passthrough helper
123	OK	§8.4 w1 typo'd wire with did-you-mean; kind name unnamed in old and new alike
124	OK	§8.4 w2 forgotten wire; kind unnamed in old and new alike
125	OK	§8.8 "A face both wired and passed through is a two-producers error" (D-145); kind unnamed in old and new alike
126	OK	§8.2 nominal bound check; kind unnamed in §8.2 old and new ("§6.1 names the bound check's kind too")
127	OK	§8.4 w4 type mismatch naming both endpoints; kind unnamed in old and new alike
128	OK	§8.2 names WalkingFaceAtFrozenEntry
129	OK	§8.2 "Root inputs" names AbstractAtRoot (M1 kept it in §8.2)
130	OK	§8.2 "Root inputs" names RootInputTypeConflict (R14 added the name)
131	OK	§8.2 "Root inputs": fan-out meet; tolerance mixture is legitimate
132	OK	§8.2 "The stores" names StoreNotNamedTuple
133	OK	§8.2 y_types tail: closed leaf vocabulary checked, with the didactic messages; kind unnamed in old and new alike
134	OK	§8.2 "Completeness": a non-empty store needs its update. Kind unnamed in §8.2 old and new; §8.1 names it with a pointer to §8.2 (as old §8.1 did). Optional: name it in §8.2
135	OK	§8.2 "Completeness": an event needs both halves; kind unnamed in old and new alike
136	OK	§8.1 names DeclarationShadowed
137	OK	§8.5 "Class by declaration shape": a type declaring neither family is a build error naming both, did-you-mean when it has component fields. Kind unnamed in §8.5 old and new; new §8.1 (R7 F12) names ClassUnreadable twice with a pointer to §8.5, so naming it in §8.5 would close the pointer
138	OK	§8.5: "inner_connections plus any leaf declaration on one type is a build error"; kind unnamed in old and new alike
139	OK	§8.5 container edges: mixed container is a build error; kind unnamed in old and new alike
140	OK	§8.5 names ContainerNested
141	OK	§8.2 "Completeness" names DeclarationOnWrongTier
142	OK	§8.5 "One arity on both tiers" keeps the name (R5)
143	OK	§8.6: a face name contains no "/"; kind unnamed in old and new alike
144	OK	§8.6: uniqueness across the two boundary declarations; kind unnamed in old and new alike
145	OK	§8.8: a prefix = "" collision is caught by the uniqueness check like any hand-written duplicate
146	OK	§8.6: an entry resolving to a port of the wrong direction is a build error naming method, entry and direction; kind unnamed in old and new alike
147	OK	§8.8 names UnknownFaceSelection
148	OK	§8.8 names EmptyFaceSelection
149	OK	§8.7 keeps the deep-key rule and the continuous-child error (M6 kept both); kind unnamed in old and new alike
150	OK	§8.5 collision bullets: bare key against the §8.7 sugar (D-211, D-215) and against a sibling container field (D-212); kind unnamed in old and new alike
151	OK	§8.5: transparent_container must name a container field of the type; kind unnamed in old and new alike
152	OK	§8.2 names TierUnreadable ("The stores" and "Completeness")
153	PREEXISTING	survey D: §8.5 holds no TierUnreadable, old or new; §8.2 holds it. Fix: drop §8.5 from Appendix C's TierUnreadable
154	OK	§8.2 "Completeness" names StatelessWithoutOutputs (§8.3 now too, R7 F23)
155	PREEXISTING	survey D: §8.5 holds no StatelessWithoutOutputs, old or new; §8.2 (and now §8.3) holds it. Fix: drop §8.5, or cite §8.3
156	OK	§8.2 names IllegalPortType
157	OK	§8.2 y_types tail: discrete stores answer to the isbits rule of §7.3, the s_init label::String message; kind unnamed in old and new alike
158	OK	§8.3: produced-by-two-stages is a build error; kind unnamed in old and new alike
159	OK	§8.3 names DeclaredNotProduced
160	OK	§8.3: a returned port field declared nowhere is a build error at probe with did-you-mean; kind unnamed in old and new alike
161	OK	§8.4 w5; kind unnamed in old and new alike
162	PREEXISTING	survey D: §8.7 never held an argument check; the float-argument error is §10.5 (spec 5349-5350). Old §8.7 held "a bare integer or bare quantity is a declaration error", now cut by M6 to "§10.5 also holds the wrappers' definitions and their validation" (§10.5 5352 carries it). Fix: cite §10.5 in place of §8.7 in Appendix C ArgumentInvalid
