file	line	cited	entry	field	sentence	verdict	note
spec.md	133	§7			[§7][s7] fixes where data lives, on both tiers and outside them.	OK	opening keeps the sentence word for word (R1)
spec.md	170	§7.5			- **Zero-allocation stepping and type stability.** The inner loop allocates nothing, and the test suite asserts it ([§7.5][s7-5], [§9.7][s9-7]).	OK	§7.5 hot-path budget exactly zero, CI-enforced; scope sentence names the stepping loop
spec.md	304	§7			- **Continuous state** `x`, an isbits struct of real scalars ([§7][s7]).	VAGUE	pre-existing: §7.1 declares a flat NamedTuple of real scalars and SArrays of a common eltype T, not an isbits struct of real scalars; old text the same; chapter 3's rewrite or track 2
spec.md	331	§7			- **Discrete state** `s`, any isbits value ([§7][s7]).	VAGUE	pre-existing: §7.3: every field isbits or a Symbol (D-231), not any isbits value; old text the same; chapter 3's rewrite or track 2
spec.md	452	§7.1			- A *store* is the framework-owned home of one of a component's state letters, `x`, `s` or `m` ([§7.1][s7-1], [§7.3][s7-3], [D-302][d-302]).	OK	§7.1: the framework-owned buffer holds continuous state; §7.3 keeps 'the buffer that holds x'. M2 cut §7.1's 'The buffer holds x, the stores hold s and m' (now §5.2 only)
spec.md	452	§7.3			- A *store* is the framework-owned home of one of a component's state letters, `x`, `s` or `m` ([§7.1][s7-1], [§7.3][s7-3], [D-302][d-302]).	OK	§7.3: the s and m stores, framework-owned homes of those letters
spec.md	545	§7.3			Julia classifies it mutable, but it is interned, immutable and never freed, the same grounds [§7.3][s7-3] admits it in a store on, so a `Symbol` mode publishes like any other ([D-243][d-243]).	OK	'interned, immutable and never freed' word for word in §7.3
spec.md	818	§7.3			`ws` ([§7.3][s7-3]).	OK	
spec.md	902	§7			State types make mutation impossible anyway ([§7][s7]).	OK	§7.1 immutable state values; §7.3 immutable-value discipline
spec.md	1035	§7.4			[§7.4][s7-4] carries the full statement, including when the factoring earns its keep.	OK	§7.4 split paragraph: 'idiom of choice when the factoring earns reuse'
spec.md	1900	§7			[§7][s7] fixes the homes the declared state occupies.	OK	opening keeps the sentence word for word (R1)
spec.md	1997	§7.5			Or it could sit in fields, dissolving the static typing that the zero runtime graph logic ([§5.1][s5-1]), the allocation invariant ([§7.5][s7-5]) and the fold-away conformance test ([§9.5][s9-5]) all rest on.	OK	
spec.md	2007	§7.3			It legitimately takes sizes from the instance (`ws_init(c::KF, ::Type{T})` reads `c.n`, [§7.3][s7-3]), because no entry type is derived from it.	OK	KF allocator block verbatim; 'Sizes come from the instance'
spec.md	2195	§7.1			[§7.1][s7-1] forces every state leaf to follow the scalar of the [activation](#g-activation) (the build's typed products at a given scalar type).	VAGUE	pre-existing: §7.1 fixes leaves 'of a common eltype T'; the rule that a state leaf follows the activation scalar is §7.2's ('in the x_init-derived state type alike'); old text the same. Track 2: cite §7.2 beside §7.1
spec.md	2258	§7.3			A workspace earns the exception because it is not memory and none of the by-value arguments below cover it ([§7.3][s7-3]).	VAGUE	pre-existing: 'not memory' is D-077 Rejected's phrase; §7.3 says 'mutable scratch, deliberately not state at all' and 'Scratch is allocated, not retyped'
spec.md	2303	§7.1			`RQuat` is a domain wrapper type ([§7.1][s7-1]).	OK	§7.1: 'Domain wrapper types are not state leaves either. Two such types are RQuat ...'
spec.md	2467	§7.2			That is the discrete exemption ([§7.2][s7-2]), enforced by tier.	OK	§7.2: the discrete side's exemption, the Exempt tier; 'the discrete exemption' was never word for word, old or new
spec.md	2480	§7.1			`Ranged` is a domain wrapper type too ([§7.1][s7-1]).	OK	
spec.md	2531	§7.2			A custom struct is a first-class port type, as in `contact = GearContact{Float64}`, under the scoping that [§7.2][s7-2] establishes.	OK	Walked tier: constructors infer T
spec.md	2540	§7.2			That is the CI invariant of [§7.2][s7-2], reached through the declaration layer with no extra machinery.	OK	consumer 4, 'CI invariant'
spec.md	2599	§7.1			`Pinned` has no place in a state declaration, because [§7.1][s7-1] admits no pinned state leaf for it to mark ([D-295][d-295]).	VAGUE	pre-existing: §7.1 implies it ('of a common eltype T', kept word for word) and never states it; D-295 points back, so §7.1 must not cite D-295 for it
spec.md	2604	§7.1			Walking `x_init` presupposes the closed leaf vocabulary that [§7.1][s7-1] fixes, scalars and `SArray`s at the common eltype ([D-094][d-094]).	OK	
spec.md	2606	§7.3			On the discrete tier, the stores answer to the isbits rule of [§7.3][s7-3], checked field by field ([D-231][d-231]).	OK	
spec.md	2614	§7.1			- "`x_init` field `q_nb::RQuat` is not a state leaf — declare the `SVector{4}` backing and cast where rotation semantics are wanted ([§7.1][s7-1])";	OK	
spec.md	2617	§7.1			- "`x_init` field `pose::NamedTuple` is not a state leaf — a field is one scalar or `SArray`; split it into fields, structure comes from the component tree ([§7.1][s7-1])";	OK	
spec.md	2620	§7.3			- "`s_init` field `label::String` is not a store value — store fields are isbits or `Symbol`s; text and bulk data belong on the component instance ([§7.3][s7-3])".	OK	§7.3: bulk data and labels have their home on the component instance
spec.md	2874	§7.3			The one exception, the allocator's scalar, is the same on both tiers ([§7.3][s7-3], [D-263][d-263]).	OK	
spec.md	3255	§7.1			`RQuat` is the domain wrapper an attitude `SVector{4}` is cast to where rotation semantics are wanted ([§7.1][s7-1]).	OK	
spec.md	3258	§7.2			`FrameTransform` is one of the payload types [§7.2][s7-2] lists as walked.	OK	§7.2 keeps FrameTransform as the Walked tier's one example (R2, R12); the full list moved to the companion
spec.md	3279	§7.1			# y_direct: strapdown kinematics (lever arm, gravity, Earth rate) → (; ω_ic_c, f_c_c) function x_deriv(imu::IMUIntegrals, (; x, y)) q = RQuat(x.q, normalization = false) # §7.1's explicit cast (Θ = y.ω_ic_c, q = SVector{4}(Attitude.dt(q, y.ω_ic_c)), Υ = y.f_c_c, V = q(y.f_c_c)) end x_projection(imu::IMUIntegrals, x) = (; x..., q = normalize(x.q)) # SVector normalize	OK	§7.1 'explicit, invariant-free cast at the point of use'; the code comment's label was never word for word
spec.md	3726	§7.1			- the closed leaf vocabulary ([§7.1][s7-1]).	OK	
spec.md	3733	§7.3			`s_init` pins wholesale and answers to the isbits rule of [§7.3][s7-3] instead.	OK	
spec.md	4305	§7.3			A [continuous component](#g-continuous-component)'s scratch carries the activation's scalar ([§7.3][s7-3]).	OK	ws_init takes the activation scalar; a continuous workspace joins the T-generic surface
spec.md	4342	§7.2			A [pinned](#g-walked) `Float64` ([§7.2][s7-2]) can appear in two places.	OK	Pinned tier stays Float64; Pinned{P} marker
spec.md	4406	§7.5			The zero-allocation invariant ([§7.5][s7-5]) covers only the stepping loop, and the services were always allocation-tolerant.	OK	fixed by R5/R15: §7.5 now states it; the old chapter did not
spec.md	4484	§7.5			The canary ([§7.5][s7-5]) verifies empirically that the check folds away, rather than by assertion.	OK	
spec.md	4562	§7.1			A scalar leaf expects a `T`, and an `SArray` leaf the same `SArray` at `T` ([§7.1][s7-1]).	OK	
spec.md	4653	§7.1			That replacement discharges the layer's deletion ([§7.1][s7-1]).	OK	§7.1 last bullet: the mapping layer is deleted (D-072); now called Flight.jl's (R17)
spec.md	4674	§7.5			The zero-allocation invariant ([§7.5][s7-5]), the fold-away conformance test ([§9.5][s9-5]) and the zero runtime graph logic ([§5.1][s5-1]) are reachable only under full specialization.	OK	
spec.md	4690	§7.1			The [signal table](#g-signal-table) is one contiguous block per element type, the construction pointed at signals rather than state ([§7.1][s7-1]).	OK	§7.1 flat layout over one contiguous Vector{T}
spec.md	4764	§7.1			That is precisely [§7.1][s7-1]'s buffer-unchanged-within-a-sweep rule.	OK	'buffer-unchanged-within-a-sweep' word for word; §7.1 states the rule in its own words and points to §9.7 without pointing back circularly
spec.md	4766	§7.1			The sweep-varying bundle fields (`u`, `y_x`/`y_s`) are per-call by topological necessity either way ([§7.1][s7-1]).	MISSING	pre-existing: 'per-call by topological necessity' was never in §7.1; old §7.1 said only that the executor is spelled rebuild-per-call (M1 trimmed it to 'views rebuilt per call', §9.7). Not a loss. Track 2: drop '(§7.1)'; §9.7's own 'Views are spelled rebuild-per-call' carries it
spec.md	4865	§7.5			`-O0` about halves what remains, for a loop 2.3 to 2.8 times slower, and the allocation invariant ([§7.5][s7-5]) holds.	OK	
spec.md	4871	§7.5			**The phase bodies are the [§7.5][s7-5] measurement seam** ([D-116][d-116]).	OK	§7.5: CI-enforced at the phase-body seam that phase_bodies exposes (§9.7, D-116)
spec.md	4914	§7.5			So a documented [§7.5][s7-5] tolerance loosens exactly one assertion.	OK	'a documented tolerance' word for word; the seam scopes it per body
spec.md	4917	§7.5			That is the [§7.5][s7-5] carve-out made structural.	VAGUE	pre-existing: was MISSING; holds in substance since R5/R15 (§7.5: publication not a phase body, its per-boundary snapshot allocation sits with logging on the framework side, outside what the invariant claims is zero); the word carve-out is not §7.5's
spec.md	5047	§7.5			They are trivially zero-allocation, so they can be audited against the CI invariant ([§7.5][s7-5]).	OK	'CI-testable invariant'
spec.md	5087	§7.2			If that day comes, eltype genericity ([§7.2][s7-2]) supplies exact ForwardDiff Jacobians through the sweep for free.	OK	
spec.md	6365	§7			**Binding rule: nothing reachable from a published snapshot is ever written again.** The table's immutable values ([§4.1][s4-1], [§7][s7]) make the compiler enforce most of it.	OK	
spec.md	6420	§7.5			The cost is one snapshot allocation per boundary, on the framework side of the [§7.5][s7-5] scope, which already carved out logging.	OK	fixed by R5/R15: §7.5 now states it; the old chapter did not ('on the framework side', 'with logging')
spec.md	6450	§7.5			**The bound is a count, not a memory budget.** Snapshots are immutable object graphs with internal sharing ([§4.1][s4-1]), and a [field handle](#g-field-handle) (an immutable query object consumers evaluate at their own arguments, [§4.4][s4-4]) rides as a reference to build-time-frozen data ([§7.5][s7-5]).	OK	
spec.md	6493	§7.5			The loop's own work is pointer bookkeeping, microseconds either way and on the framework side of the scope ([§7.5][s7-5]).	OK	fixed by R5/R15: §7.5 now states it; the old chapter did not
spec.md	6514	§7.5			The `sizehint!` for the expected duration ([§7.5][s7-5]) is now naturally capped by `log_max`, which is also what defines the hint when `t_end = Inf`.	VAGUE	pre-existing: §7.5 says sizehint! 'to the retention bound', the reconciled form this sentence describes; old text the same
spec.md	7061	§7.5			The allocation is in-class with what the retention carve-out ([§7.5][s7-5]) already admits.	VAGUE	pre-existing: was MISSING; holds in substance since R5/R15 (§7.5: publication not a phase body, its per-boundary snapshot allocation sits with logging on the framework side, outside what the invariant claims is zero); the word carve-out is not §7.5's
spec.md	7819	§7.5			The zero-allocation invariant ([§7.5][s7-5]), scoped to the model [sweep](#g-sweep), is untouched.	VAGUE	pre-existing: §7.5 scopes the invariant to 'the stepping loop', not 'the model sweep'; the framework side with publication and logging now holds (R5/R15). Track 2: one term
spec.md	9666	§7.3			Integration intermediates live in framework-owned integrator buffers, never in a [component](#g-component)'s [workspace](#g-workspace) as [§7.3][s7-3] defines it.	OK	
spec.md	10184	§7.1			They never run on state [views](#g-view) ([§7.1][s7-1]).	OK	§7.1: 'Constructors run on the write paths, never on views'
spec.md	10220	§7.5			That takes microseconds in total, with allocation permitted, since the stopped-sim path was never under the zero-alloc regime ([§7.5][s7-5]).	OK	fixed by R5/R15: §7.5 now states it; the old chapter did not
spec.md	10254	§7.1			A continuous state field is flat ([§7.1][s7-1]), so `get_deriv`, and `get_state` on the continuous tier, take at most an index step.	OK	
spec.md	10578	§7.4			Publish it as an ordinary output port computed in `y_direct` (the one-line binding of [§7.4][s7-4] step 2, made contract).	OK	step 2 keeps its number and 'one-line function body' (R3)
spec.md	10778	§7.5			The buffers are per-invocation and die with the call (stopped-sim allocation, [§7.5][s7-5]).	OK	fixed by R5/R15: §7.5 now states it; the old chapter did not
spec.md	11127	§7.1			The shuttle layer's successor is that compiled writer/reader pair, and the promised `get_x_ss` deletion ([§7.1][s7-1]) is discharged.	OK	
spec.md	11539	§7.1			`x_deriv` returns the layout image of `X` ([§7.1][s7-1]).	VAGUE	pre-existing: 'layout image' is Appendix B's phrase; §7.1 says an Ẋ-typed value scatter-stored into the flat ẋ buffer
spec.md	11839	§7.5			This is the [§7.5][s7-5] allocation seam.	OK	
spec.md	12001	§7.1			- **`IllegalStateLeaf`** ([§7.1][s7-1], [§8.2][s8-2]).	OK	§7.1 now names IllegalStateLeaf (R8 F17)
spec.md	12067	§7.1			- **`IllegalPortType`** ([§7.1][s7-1], [§8.2][s8-2]).	MISSING	pre-existing: §7.1 states no port-type condition, old or new; §4.3 547-549 does. Track 2: cite §4.3 in place of §7.1
spec.md	12073	§7.3			- **`IllegalStoreField`** ([§7.3][s7-3], [§8.2][s8-2], [§9.1][s9-1]).	OK	§7.3 names IllegalStoreField
spec.md	12474	§7.3			Its contents at call entry are unspecified ([§7.3][s7-3]).	OK	
spec.md	12482	§7.1			The buffer is authoritative, and typed state values are ephemeral reconstructions of it ([§7.1][s7-1]).	OK	
spec.md	12534	§7.1			No store mirrors another, and the table never holds transported data ([§5.2][s5-2], [§7.1][s7-1]).	OK	holds jointly: §5.2 (spec 820-822) carries 'no store mirrors another'; §7.1 keeps 'no state cells ... interface, not transport' (M2)
spec.md	12548	§7.3			There are three kinds: a component's workspace (`ws`, [§7.3][s7-3]); the integrator's buffers and the mid-step table ([§7.5][s7-5], [§10.3][s10-3], [§10.4][s10-4]); and the store set a service invocation instantiates from the activation's layout and discards with the call ([§9.4][s9-4], [§14.8][s14-8]).	OK	
spec.md	12549	§7.5			There are three kinds: a component's workspace (`ws`, [§7.3][s7-3]); the integrator's buffers and the mid-step table ([§7.5][s7-5], [§10.3][s10-3], [§10.4][s10-4]); and the store set a service invocation instantiates from the activation's layout and discards with the call ([§9.4][s9-4], [§14.8][s14-8]).	MISSING	pre-existing: §7.5 mentions neither the integrator's buffers nor the mid-step table, old or new. Track 2: drop §7.5, §10.3 and §10.4 carry it
spec.md	12571	§7.3			Root inputs, by contrast, *are* source cells of the table ([§7.3][s7-3], [§4.1][s4-1], [§11.2][s11-2]).	OK	§7.3 holds the store rules; the root-input clause is §4.1's and §11.2's, also cited
spec.md	12587	§7.1			It materializes in the caller's frame for the duration of the call and is value-identical on re-materialization within a sweep ([§7.1][s7-1], [§5.2][s5-2]).	OK	
spec.md	12881	§7.5			Its one promise is identity with what the loop runs, which is what makes the allocation assertions ([§7.5][s7-5]) honest ([§9.7][s9-7]).	OK	
spec.md	12932	§7.2			The classes are enforced by one leaf walk over a continuous leaf's state and contracts alike; a contract leaf opts out of walking with the `Pinned{P}` marker, in `y_types` for what a producer's cell carries and in `u_types` for what a consumer's entry tolerates ([§7.2][s7-2], [§8.2][s8-2]).	OK	
spec.md	13367	§7.3			<a id="g-blessed"></a>**blessed** — the spec's marker for a practice it explicitly sanctions where a neighboring one is forbidden: derivation from other declarations ([§8.2][s8-2]), the one spot where evaluation feeds structure ([§9.1][s9-1]), the workspace-plus-snapshot idiom for zero-allocation ticks ([§7.3][s7-3]).	OK	§7.3 Idioms: 'The blessed (explicitly sanctioned) idiom for zero-allocation ticks'
decisions.md	416	§7.4	D-006	Spec	**Spec.** [§7.4][s7-4]	OK	Spec field; the section still holds the entry's content
decisions.md	497	§7.2	D-011	Spec	**Spec.** [§7.2][s7-2]	OK	Spec field; the section still holds the entry's content
decisions.md	539	§7.3	D-013	Spec	**Spec.** [§7.3][s7-3]	OK	Spec field; the section still holds the entry's content
decisions.md	568	§7.4	D-015	Spec	**Spec.** [§5.3][s5-3], [§7.4][s7-4], [§10.5][s10-5]	OK	Spec field; the section still holds the entry's content
decisions.md	591	§7.4	D-016	Spec	**Spec.** [§4.2][s4-2], [§5.3][s5-3], [§7.4][s7-4], [§10.6][s10-6], [§8.3][s8-3], [Appendix D][sD]	OK	Spec field; the section still holds the entry's content
decisions.md	1104	§7.4	D-035	Spec	**Spec.** [§5.2][s5-2], [§5.3][s5-3], [§7.4][s7-4]	OK	Spec field; D-035 is now also cited at §7.1 (Spec field gains §7.1 at landing)
decisions.md	1892	§7.5	D-066	Position	**Position.** Two ways to apply one compiled plan: specialized `apply!` (`Getter{P}` lenses, unrolled baked stores, zero-alloc; [§9.5][s9-5]-style shape check via tree type + literal `===` sweep; ~10–50 ms codegen once per shape) for iterating services; dynamic entry-list walk (microseconds, no per-shape codegen, allocation fine per [§7.5][s7-5]) for one-shot init; compiled readers as the gather twin (cost reads, linearization gather, `capture`) — one primitive family in the `Build`'s client kit.	OK	fixed by R5/R15: §7.5 now states it; the old chapter did not (stopped-sim allocation)
decisions.md	1896	§7.5	D-066	Spec	**Spec.** [§7.5][s7-5], [§9.5][s9-5]	OK	Spec field; the section still holds the entry's content
decisions.md	2104	§7.1	D-072	Position	- The `get_*_ss`/`assign_*_ss!` shuttle layer is deleted, discharging [§7.1][s7-1].	OK	§7.1 last bullet, D-072 cited
decisions.md	2117	§7.1	D-072	Spec	**Spec.** [§7.1][s7-1], [§14.10][s14-10]	OK	Spec field; the section still holds the entry's content
decisions.md	2269	§7.3	D-077	Spec	**Spec.** [§7.3][s7-3], [§8.1][s8-1], [§8.2][s8-2], [§9.1][s9-1], [§9.3][s9-3]	OK	Spec field; the section still holds the entry's content
decisions.md	2342	§7.1	D-079	Spec	**Spec.** [§7.1][s7-1], [§8.2][s8-2], [§8.5][s8-5], [§9.4][s9-4], [§9.5][s9-5], [§14.10][s14-10]	OK	Spec field; the section still holds the entry's content
decisions.md	2345	§7.1	D-079	Rationale	**Rationale.** The type derived from `init_x` walks like a continuous producer's ([§7.1][s7-1]'s all-real-leaves rule checked in Stratum A, didactic diagnostic) while `init_m`/`init_z` pin wholesale, declared `Float64` initial values embedding as zero-partial constants; discrete producers pin wholesale (frozen-exact by typing rule; tier from declaration shape, [§8.5][s8-5]); root slots walk the consumer declaration; conformance split: exact match at nominal, parametrized leaves accept exactly `{T, Float64}` with zero-partial embedding — exact because promotion is airtight and there is no lossy `Dual → Float64` cast (an observed `Float64` means no `Dual` entered the computation; true derivative zero); differentiation participation = per-invocation seeding, never typing; deliberate `value()` stripping = stop-gradient, deliberate-lie class, schema-visible freezing a recorded [§14.10][s14-10] door.	OK	§7.1's closed vocabulary; old log vocabulary (init_x, Stratum A)
decisions.md	2547	§7.5	D-086	Position	**Position.** The compiled executor ([§9.7][s9-7]): schedule data compiled per activation into a concretely-typed entry tuple over statically typed storage, walked by compile-time unrolling — [§7.5][s7-5]/[§9.5][s9-5]/[§5.1][s5-1] are reachable only under full specialization.	OK	
decisions.md	2550	§7.5	D-086	Spec	**Spec.** [§5.1][s5-1], [§7.5][s7-5], [§9.5][s9-5], [§9.7][s9-7]	OK	Spec field; the section still holds the entry's content
decisions.md	2570	§7.5	D-086	Rejected	- *Vector-of-abstract entries:* per-entry dynamic dispatch boxes stage returns — kills [§7.5][s7-5] and its canary role, unfolds [§9.5][s9-5]'s check; union splitting rescues only toy scale and cannot close an open method set.	OK	
decisions.md	2766	§7.1	D-094	Position	**Position.** State leaf vocabulary closed ([§7.1][s7-1]): `init_x` leaves are plain real scalars and `SArray`s at the common eltype — no domain wrapper types.	OK	
decisions.md	2769	§7.1	D-094	Spec	**Spec.** [§7.1][s7-1], [§8.2][s8-2], [§10.4][s10-4], [§14.3][s14-3]	OK	Spec field; the section still holds the entry's content
decisions.md	3194	§7.5	D-107	Position	**Position.** Trace records match batch density: enumerated writers' positional batches are retained verbatim, zero-copy (claim-narrow, dense by nature); the interactive writer's wide mostly-`nothing` tuple is converted at the drain on retention — (position ⇒ value) pairs for the non-`nothing` entries, an O(surface-width) scan and one small allocation at most once per frame, only on interactive-active frames, inside the [§7.5][s7-5] retention carve-out the log already occupies — so trace size tracks information, not surface width, preserving [D-029][d-029]'s two-orders-below-the-log budget at every world scale.	VAGUE	pre-existing: was MISSING; holds in substance since R5/R15 (§7.5: publication not a phase body, its per-boundary snapshot allocation sits with logging on the framework side, outside what the invariant claims is zero); the word carve-out is not §7.5's
decisions.md	3198	§7.5	D-107	Spec	**Spec.** [§7.5][s7-5], [§11.5][s11-5], [§12.7][s12-7]	OK	Spec field; the section still holds the entry's content
decisions.md	3336	§7.1	D-111	Position	**Position.** Conformance completeness: `project` joins the always-on uniform check — complete against `X`'s own shape at the activation's `T`, the same predicate as a handler's `x` key, because its return is written back to the buffer wholesale at both [§7.1][s7-1] schedule positions and a mode-dependent projection first executes its second branch at run time (the branch-dependent hole the always-on check exists to close).	OK	§7.1 write-back bullet: the two positions of §5.3 (D-111)
decisions.md	3340	§7.1	D-111	Spec	**Spec.** [§7.1][s7-1], [§9.5][s9-5], [§13.4][s13-4], [Appendix C][sC]	OK	Spec field; the section still holds the entry's content
decisions.md	3489	§7.5	D-116	Spec	**Spec.** [§7.5][s7-5], [§9.7][s9-7], [Appendix B][sB]	OK	Spec field; the section still holds the entry's content
decisions.md	3491	§7.5	D-116	Rationale	**Rationale.** [§7.5][s7-5]'s tiers completed: guards and `project` (unconditional per boundary/frame) join the exactly-zero tier, handlers (episodic, only on firing) join the tick tier's zero-by-idiom; publication is not a phase body — the [§7.5][s7-5] carve-out made structural; isolated invocation leaves buffers valid but off-trajectory (re-`init!` to continue); the FlightCore allocation comparison in `migration_outline.md` measures through the seam.	VAGUE	pre-existing: tiers hold; was MISSING; holds in substance since R5/R15 (§7.5: publication not a phase body, its per-boundary snapshot allocation sits with logging on the framework side, outside what the invariant claims is zero); the word carve-out is not §7.5's
decisions.md	3493	§7.5	D-116	Rationale	**Rationale.** [§7.5][s7-5]'s tiers completed: guards and `project` (unconditional per boundary/frame) join the exactly-zero tier, handlers (episodic, only on firing) join the tick tier's zero-by-idiom; publication is not a phase body — the [§7.5][s7-5] carve-out made structural; isolated invocation leaves buffers valid but off-trajectory (re-`init!` to continue); the FlightCore allocation comparison in `migration_outline.md` measures through the seam.	VAGUE	pre-existing: tiers hold; was MISSING; holds in substance since R5/R15 (§7.5: publication not a phase body, its per-boundary snapshot allocation sits with logging on the framework side, outside what the invariant claims is zero); the word carve-out is not §7.5's
decisions.md	3640	§7.1	D-121	Spec	**Spec.** [§2.1][s2-1], [§4.1][s4-1], [§5.2][s5-2], [§7.1][s7-1], [§7.3][s7-3], [§10.4][s10-4], [§10.5][s10-5], [§11.7][s11-7], [§13.6][s13-6], [§14.3][s14-3], [Appendix A][sA], [Appendix B][sB]	OK	Spec field; the section still holds the entry's content
decisions.md	3640	§7.3	D-121	Spec	**Spec.** [§2.1][s2-1], [§4.1][s4-1], [§5.2][s5-2], [§7.1][s7-1], [§7.3][s7-3], [§10.4][s10-4], [§10.5][s10-5], [§11.7][s11-7], [§13.6][s13-6], [§14.3][s14-3], [Appendix A][sA], [Appendix B][sB]	OK	Spec field; the section still holds the entry's content
decisions.md	3644	§7.3	D-121	Rationale	**Rationale.** [§13.6][s13-6]'s integration intermediates are renamed framework-owned integrator buffers, never a component's `workspace` ([§7.3][s7-3]'s term is author-facing, poison-covered scratch); the four loose "sign change" spots are restated as not-holding → holding edges against baselines — Tier-2's trigger now states the direction and the even-crossings blind spot survives as "no edge observed" ([D-082][d-082] restated, no semantic change).	OK	history: poison retired by D-183; true as history
decisions.md	3780	§7.4	D-125	Spec	**Spec.** [§6.1][s6-1], [§7.4][s7-4], [§14.4][s14-4], [§14.7][s14-7], [§14.9][s14-9]	OK	Spec field; the section still holds the entry's content
decisions.md	3784	§7.4	D-125	Rationale	**Rationale.** Companion idiom recorded beside [§14.7][s14-7]'s `reads` bullet: a derivative a service must read across a contract boundary is published as an ordinary output port computed in `h_xu` ([§7.4][s7-4] step 2's one-line binding, made contract), `get_deriv` staying scoped to owned concrete subtrees; publication is demand-driven — the `get_local` doctrine's sibling (the need surfaces as a resolution error with the export remedy), not a design-time obligation on component authors, with "equilibrium-defining states have boundary-meaningful derivatives" the library-convention heuristic deferred to the migration (`migration_outline.md`) outline.	OK	step 2 keeps its number
decisions.md	3964	§7	D-131	Spec	**Spec.** [§5.3][s5-3], [§6.2][s6-2], [§7][s7], [§7.1][s7-1], [§7.5][s7-5], [§11.4][s11-4], [§11.7][s11-7], [§12][s12], [§12.6][s12-6], [§9.5][s9-5], [§13.4][s13-4], [§14][s14], [§14.6][s14-6], [Appendix B][sB], [§D.3][sD-3], [§D.6][sD-6], [§D.8][sD-8]	OK	Spec field; the section still holds the entry's content
decisions.md	3964	§7.1	D-131	Spec	**Spec.** [§5.3][s5-3], [§6.2][s6-2], [§7][s7], [§7.1][s7-1], [§7.5][s7-5], [§11.4][s11-4], [§11.7][s11-7], [§12][s12], [§12.6][s12-6], [§9.5][s9-5], [§13.4][s13-4], [§14][s14], [§14.6][s14-6], [Appendix B][sB], [§D.3][sD-3], [§D.6][sD-6], [§D.8][sD-8]	OK	Spec field; the section still holds the entry's content
decisions.md	3964	§7.5	D-131	Spec	**Spec.** [§5.3][s5-3], [§6.2][s6-2], [§7][s7], [§7.1][s7-1], [§7.5][s7-5], [§11.4][s11-4], [§11.7][s11-7], [§12][s12], [§12.6][s12-6], [§9.5][s9-5], [§13.4][s13-4], [§14][s14], [§14.6][s14-6], [Appendix B][sB], [§D.3][sD-3], [§D.6][sD-6], [§D.8][sD-8]	OK	Spec field; the section still holds the entry's content
decisions.md	3977	§7.5	D-131	Rationale	**Rationale.** `pending.md`'s GUI panel entry lists orphan display among the settled semantics, not the deleted claim-transition policy ([D-047][d-047], [D-106][d-106]); [§11.7][s11-7]'s closing constraint bakes port resolution *and* the liveness verdict at run start, matching its own mid-text, the C172X case study (`flight_case_studies.md`) and [§D.6][sD-6]; three [D-122][d-122] stragglers renamed ([§9.5][s9-5]'s probe-derived *predicate* form, [Appendix B][sB]'s bundle footnote *function family*, [Appendix B][sB]'s `Simulation` entry *unattended run*); two [D-121][d-121] slot slips reworded ([§14.6][s14-6] "the one initialized datum without declared defaults", [§11.4][s11-4]'s scatter "position → slot cell"), the claims themselves intact; chapter 9's opener roadmaps only chapter 9, leaving [§12][s12]'s own opener the sole roadmap for chapter 10; `project`'s two schedule positions cited to [§5.3][s5-3], where the rule actually lives, from [§7.5][s7-5], [§9.5][s9-5] and [§D.3][sD-3], with a one-clause back-reference added at [§7.1][s7-1]'s write-back bullet; [§12.6][s12-6] says *five* states, agreeing with its own enumeration and with [§13.4][s13-4], [§14][s14]'s legality tables and [§D.8][sD-8]; and the two walkthroughs' six self-references, mis-resolved to unrelated spec chapters by the phase-4 linkify pass, now point at their own headings (the stray [§6.2][s6-2], which matches no walkthrough heading, retargeted to the walkthrough's [§6][s6], token and target together).	OK	history: §7.5 still cites §5.3 for x_projection's positions
decisions.md	3978	§7.1	D-131	Rationale	**Rationale.** `pending.md`'s GUI panel entry lists orphan display among the settled semantics, not the deleted claim-transition policy ([D-047][d-047], [D-106][d-106]); [§11.7][s11-7]'s closing constraint bakes port resolution *and* the liveness verdict at run start, matching its own mid-text, the C172X case study (`flight_case_studies.md`) and [§D.6][sD-6]; three [D-122][d-122] stragglers renamed ([§9.5][s9-5]'s probe-derived *predicate* form, [Appendix B][sB]'s bundle footnote *function family*, [Appendix B][sB]'s `Simulation` entry *unattended run*); two [D-121][d-121] slot slips reworded ([§14.6][s14-6] "the one initialized datum without declared defaults", [§11.4][s11-4]'s scatter "position → slot cell"), the claims themselves intact; chapter 9's opener roadmaps only chapter 9, leaving [§12][s12]'s own opener the sole roadmap for chapter 10; `project`'s two schedule positions cited to [§5.3][s5-3], where the rule actually lives, from [§7.5][s7-5], [§9.5][s9-5] and [§D.3][sD-3], with a one-clause back-reference added at [§7.1][s7-1]'s write-back bullet; [§12.6][s12-6] says *five* states, agreeing with its own enumeration and with [§13.4][s13-4], [§14][s14]'s legality tables and [§D.8][sD-8]; and the two walkthroughs' six self-references, mis-resolved to unrelated spec chapters by the phase-4 linkify pass, now point at their own headings (the stray [§6.2][s6-2], which matches no walkthrough heading, retargeted to the walkthrough's [§6][s6], token and target together).	OK	history: §7.1's write-back bullet keeps the back-reference to §5.3
decisions.md	3996	§7	D-131	Rejected	- *Making the self-vs-spec case a hard checker error:* `event_visibility_walkthrough` legitimately cites the spec's [§7][s7] while owning a [§7][s7] of its own — the ambiguity is real, only the author can settle it, and the check would fail on correct text.	OK	about the companion's own §7
decisions.md	3997	§7	D-131	Rejected	- *Making the self-vs-spec case a hard checker error:* `event_visibility_walkthrough` legitimately cites the spec's [§7][s7] while owning a [§7][s7] of its own — the ambiguity is real, only the author can settle it, and the check would fail on correct text.	OK	about the companion's own §7
decisions.md	4216	§7.5	D-135	Spec	**Spec.** [§7.5][s7-5], [§11.1][s11-1], [§9.2][s9-2], [§9.4][s9-4], [§14.8][s14-8]	OK	D-135 now cited at §7.5
decisions.md	4228	§7.5	D-135	Rationale	The envelope-grid sweep's amortization is restated honestly: what the cache saves is probe re-runs, layout construction and Julia's compilation of the `Dual` chain — never buffer reuse, the per-point working-store allocation being O(model size) and trivial against the solve it feeds, and [§7.5][s7-5]'s zero-allocation invariant being scoped to the stepping loop (the services were always allocation-tolerant, [§14.8][s14-8]).	OK	fixed by R5/R15: §7.5 now states it; the old chapter did not
decisions.md	4265	§7.5	D-136	Spec	**Spec.** [§7.5][s7-5], [§10.7][s10-7], [§11.1][s11-1], [§11.2][s11-2], [§11.4][s11-4], [§11.6][s11-6], [§11.8][s11-8], [§12.2][s12-2], [§12.4][s12-4], [§13.2][s13-2], [§13.5][s13-5], Appendices C/D	OK	Spec field; the section still holds the entry's content
decisions.md	4298	§7.5	D-136	Rationale	The allocation story is spec-stated: a quiet frame adds **zero heap allocation**, the per-writer status riding inline in the per-boundary snapshot allocation [§11.2][s11-2] already accepted — which requires the per-kind counters to be a **fixed-shape isbits record, never a `Dict`**, licensed by [Appendix C][sC]'s closed kind set — while a noisy frame allocates its values at emission on the writer's own task and a **fresh ring** lazily at the writer's next emission (the drained one being frozen into a snapshot and unwritable thereafter), the same GC-over-reuse trade [§11.2][s11-2] made when it rejected preallocated snapshot buffers; worst case per writer per boundary is therefore one ring of 16, everything past it an integer increment, and [§7.5][s7-5]'s scoped model-sweep zero-allocation invariant is untouched.	VAGUE	pre-existing: 'scoped model-sweep' invariant: §7.5 says the stepping loop (same term mismatch as spec 7819)
decisions.md	4336	§7.5	D-137	Spec	**Spec.** [§4.1][s4-1], [§4.4][s4-4], [§7.5][s7-5], [§10.7][s10-7], [§11.2][s11-2], [§11.5][s11-5], [§11.8][s11-8], [§12.4][s12-4], [§12.7][s12-7], [§13.5][s13-5], Appendices B/D	OK	Spec field; the section still holds the entry's content
decisions.md	4341	§7.5	D-137	Rationale	**Rationale.** **A count, not a memory budget**: snapshots are immutable object graphs with internal sharing ([§4.1][s4-1], and [§4.4][s4-4] field handles riding as references to build-time-frozen data, [§7.5][s7-5]), so byte accounting over them is fuzzy and platform-dependent, while a count is exact and converts to memory through one number the user measures once (`Base.summarysize` of a single snapshot).	OK	
decisions.md	4369	§7.5	D-137	Rationale	Amortization is a responsiveness choice: a one-shot halving would make ~`log_max/2` *old-generation* snapshots unreachable at a stroke, a major-GC burst worth a pacer-absorbed, `DebtReanchor`-visible hiccup ([§10.7][s10-7]) — exponentially rare, the wall-clock gap between generations doubling, but needless — while the amortized form drops exactly one old snapshot per retained append, the steady trickle a rolling window would produce anyway; the loop's own work is pointer bookkeeping, microseconds either way and on the framework side of [§7.5][s7-5]'s scope, publication staying wait-free with readers never blocking.	OK	fixed by R5/R15: §7.5 now states it; the old chapter did not ('framework side')
decisions.md	4379	§7.5	D-137	Rationale	[§7.5][s7-5]'s `sizehint!` for the expected duration is reconciled: now capped by `log_max`, which is also what defines the hint when `t_end = Inf`.	VAGUE	pre-existing: §7.5 says sizehint! 'to the retention bound'; old text the same
decisions.md	5250	§7.5	D-151	Position	At each seam the framework canonicalizes by a **type-level reorder** (`NamedTuple{canonical_names}(y)`), a compile-time permutation of an already-typed value that SROA folds away exactly where the existing test folds — so [§9.5][s9-5] keeps one whole-type `isa` (never per-field checks) and [§7.5][s7-5]'s canary verifies the fold empirically.	OK	the canary
decisions.md	5252	§7.5	D-151	Spec	**Spec.** [§7.5][s7-5], [§9.5][s9-5], [§14.7][s14-7], [§14.8][s14-8], Appendices B/C/D (as touched)	OK	Spec field; the section still holds the entry's content
decisions.md	5575	§7.1	D-162	Position	**Position.** **C2 adopted — per-eltype homogeneous cell stores: cells flattened by [§7.1][s7-1]'s leaf walk into one contiguous buffer per element type, build-time offsets carried in entry fields, the port type in the address token's parameter** ([§9.7][s9-7] amended).	VAGUE	pre-existing: §7.1 says flat layout; the leaf walk's glossary home is §8.2
decisions.md	5579	§7.1	D-162	Spec	**Spec.** [§7.1][s7-1], [§9.7][s9-7]	OK	Spec field; the section still holds the entry's content
decisions.md	5619	§7.5	D-163	Spec	**Spec.** [§6.2][s6-2], [§7.5][s7-5]	OK	Spec field; the section still holds the entry's content
decisions.md	5632	§7.5	D-163	Rejected	- *Bit-exact assertions under a `muladd`-free or pinned-math build:* buys a brittle equality by giving up the codegen [§7.5][s7-5]'s invariant depends on.	OK	
decisions.md	5683	§7.5	D-165	Spec	**Spec.** [§5.2][s5-2], [§5.4][s5-4], [§7.5][s7-5], [§11.2][s11-2], [§8.3][s8-3], [§9.5][s9-5], [§9.7][s9-7], [§13.2][s13-2], [§14.4][s14-4]	OK	Spec field; the section still holds the entry's content
decisions.md	5714	§7.5	D-165	Rationale	`w` joins the branch-shape rule and the **always-on check at the nominal activation**: expected = the nominal probe's observed type, one baked `isa` beside the `y` test — folds to zero instructions when stable, and converts the unintended-branch-divergence class (which otherwise surfaces only as allocations in testing) into a loud, located, field-naming error at first divergent execution, with blame text honestly citing the probe ("expected what the nominal probe observed"), complementing [§7.5][s7-5]'s canary (detection) with localization.	OK	the canary
decisions.md	5782	§7.1	D-166	Spec	**Spec.** [§7.1][s7-1], [§7.3][s7-3], [§8.1][s8-1], [§8.2][s8-2], [§8.5][s8-5], [§9.4][s9-4], [§9.5][s9-5], [§14.10][s14-10], [Appendix D][sD]	OK	Spec field; the section still holds the entry's content
decisions.md	5782	§7.3	D-166	Spec	**Spec.** [§7.1][s7-1], [§7.3][s7-3], [§8.1][s8-1], [§8.2][s8-2], [§8.5][s8-5], [§9.4][s9-4], [§9.5][s9-5], [§14.10][s14-10], [Appendix D][sD]	OK	Spec field; the section still holds the entry's content
decisions.md	5812	§7.1	D-166	Rationale	`init_x`/`init_m`/`init_z` **stay one-argument**, and the criterion is recorded: **by-value declarations state nominal physics** (their *types* walk by rule — [§7.1][s7-1] forces every state leaf to follow the activation scalar; partials enter by per-invocation seeding, never initialization); **by-type declarations are functions of the activation scalar**; **by-allocation takes the scalar** ([D-077][d-077]'s `workspace(c, T)` precedent).	VAGUE	pre-existing: same as spec 2195: the follow-the-scalar rule is §7.2's
decisions.md	5830	§7.1	D-166	Annotation	Annotation (post-[D-173][d-173] re-examination, 2026-08-16): with `init_z` fused into `init_x`, the discrete tier also declares `init_x`, and the one-argument ruling was re-examined and holds — the discrete form stays plain by the same tier rule as `output_types`, and [§7.1][s7-1]'s ground is fusion-independent.	OK	
decisions.md	5836	§7.1	D-166	Annotation	The criterion's sharpest form, recorded so the next re-examination starts here: a `T` belongs in a signature exactly where the declaration's non-nominal behavior is underdetermined by its nominal restriction — by the per-leaf pin/walk choice on output contracts (this entry), by the tolerant/demands-frozen choice on input contracts ([D-167][d-167]), by vocabulary freedom on workspace ([D-077][d-077], which no walk rule could cover) — and nowhere else: [§7.1][s7-1]'s walk being total, a two-argument `init_x`'s output at any `T` is fully recoverable from its one-argument restriction, so its `T` would carry no information, only ceremony on values and a new forgotten-`T` class caught only at activation build.	VAGUE	pre-existing: '§7.1's walk being total': §7.1 closes the vocabulary; the walk is §7.2's and §8.2's
decisions.md	5860	§7.1	D-166	Rejected	- *Two-argument `init_x` by evaluation:* the `T` records no choice — [§7.1][s7-1] admits no pinned state leaf; `zero(T)`/constructor ceremony on values; a new forgotten-`T` class *on values* caught only at activation build; the didactic side-by-side reading is bought instead by the recorded signature criterion.	VAGUE	pre-existing: same as spec 2599: §7.1 implies, never states, no pinned state leaf
decisions.md	6002	§7.4	D-169	Position	**Position.** `y_x`/`y_z` carry the stage-1 **return only, auto-published names excluded** — the underspecification left by the bundle law's "iff stage-1 ports exist", settled on the narrow reading: an auto-published port is the framework copying a state, mode or `z` field into a cell at stage-1 position ([§5.3][s5-3]), and stage 2 already holds `x`/`m`/`z` directly, so carrying it in the hand-down would be [§7.4][s7-4] step 4's rejected identity transport relocated from the table into a bundle.	OK	step 4 keeps its number and the identity-transport finding
decisions.md	6005	§7.4	D-169	Spec	**Spec.** [§5.2][s5-2], [§5.3][s5-3], [§5.6][s5-6], [§7.4][s7-4], [§9.3][s9-3], [§13.2][s13-2], [Appendix B][sB], [Appendix D][sD]	OK	Spec field; the section still holds the entry's content
decisions.md	6151	§7.3	D-173	Spec	**Spec.** [§3.2][s3-2], [§5.2][s5-2], [§5.3][s5-3], [§7.3][s7-3], [§8.2][s8-2], [§8.7][s8-7], [§9.3][s9-3], [§9.5][s9-5], [§13.7][s13-7], [§14.1][s14-1], [§5.3][s5-3], [§3.4][s3-4], [§8.6][s8-6], [Appendix C][sC] (all companions swept), [Appendix D][sD]	OK	Spec field; the section still holds the entry's content
decisions.md	6292	§7.5	D-176	Spec	**Spec.** [§7.5][s7-5], [§11.5][s11-5], [§12.7][s12-7], [Appendix D][sD]	OK	Spec field; the section still holds the entry's content
decisions.md	6297	§7.5	D-176	Rationale	**Rationale.** Costs recorded where they are paid: ~2× trace size on the dense component (two small values per touched face where the tuple held one, the order unchanged and [D-029][d-029]'s two-orders-below-the-log budget untouched); the conversion allocates once per drained batch, in-class with [§7.5][s7-5]'s retention carve-out and smaller than the log's per-boundary snapshot, which the carve-out already covers.	VAGUE	pre-existing: was MISSING; holds in substance since R5/R15 (§7.5: publication not a phase body, its per-boundary snapshot allocation sits with logging on the framework side, outside what the invariant claims is zero); the word carve-out is not §7.5's
decisions.md	6565	§7.3	D-183	Spec	**Spec.** [§7.3][s7-3]	OK	Spec field; the section still holds the entry's content
decisions.md	6835	§7.1	D-190	Spec	**Spec.** [§7.1][s7-1], [§9.5][s9-5]	OK	Spec field; the section still holds the entry's content
decisions.md	6973	§7.3	D-194	Position	- The workspace and the handler return law are untouched: `ws` is the mutable-scratch channel ([§7.3][s7-3]), handlers return stores ([D-090][d-090]).	OK	
decisions.md	7040	§7.3	D-195	Spec	**Spec.** [§3.2][s3-2], [§5.2][s5-2], [§5.3][s5-3], [§7.3][s7-3], [§8.2][s8-2], [§8.7][s8-7], [§9.3][s9-3], [§9.5][s9-5], [§12.5][s12-5], [§13.7][s13-7], [§14.1][s14-1], [§3.4][s3-4], [§8.6][s8-6], [Appendix A][sA], [Appendix B][sB], [Appendix C][sC], [Appendix D][sD] (all companions swept)	OK	Spec field; the section still holds the entry's content
decisions.md	7349	§7.2	D-203	Rejected	- *`Float64` time with `NaN` for "no boundary ever ran":* time is generic — the clock is seeded `zero(T)` ([§7.2][s7-2]) — and `NaN` is an in-band sentinel of the species [D-202][d-202] rejects; absence spelled out-of-band instead.	MISSING	pre-existing: §7.2 says nothing about the clock, old or new. Track 2: drop '(§7.2)' or cite where the run's time scalar is stated
decisions.md	8075	§7.1	D-220	Spec	**Spec.** [§2.1][s2-1], [§3.2][s3-2], [§4.3][s4-3], [§4.4][s4-4], [§5.2][s5-2], [§5.3][s5-3], [§5.4][s5-4], [§6.2][s6-2], [§7.1][s7-1], [§7.3][s7-3], [§7.4][s7-4], [§7.5][s7-5], [§8.1][s8-1], [§8.2][s8-2], [§8.5][s8-5], [§9.3][s9-3], [§9.4][s9-4], [§9.5][s9-5], [§9.7][s9-7], [§10.4][s10-4], [§10.5][s10-5], [§10.6][s10-6], [§12.5][s12-5], [§13.4][s13-4], [§13.5][s13-5], [§13.6][s13-6], [§13.7][s13-7], [§14.5][s14-5], [§14.7][s14-7], [§14.8][s14-8], [§14.10][s14-10], [§3.4][s3-4], [§8.6][s8-6], [Appendix A][sA], [Appendix B][sB], [Appendix C][sC], [Appendix D][sD]	OK	Spec field; the section still holds the entry's content
decisions.md	8075	§7.3	D-220	Spec	**Spec.** [§2.1][s2-1], [§3.2][s3-2], [§4.3][s4-3], [§4.4][s4-4], [§5.2][s5-2], [§5.3][s5-3], [§5.4][s5-4], [§6.2][s6-2], [§7.1][s7-1], [§7.3][s7-3], [§7.4][s7-4], [§7.5][s7-5], [§8.1][s8-1], [§8.2][s8-2], [§8.5][s8-5], [§9.3][s9-3], [§9.4][s9-4], [§9.5][s9-5], [§9.7][s9-7], [§10.4][s10-4], [§10.5][s10-5], [§10.6][s10-6], [§12.5][s12-5], [§13.4][s13-4], [§13.5][s13-5], [§13.6][s13-6], [§13.7][s13-7], [§14.5][s14-5], [§14.7][s14-7], [§14.8][s14-8], [§14.10][s14-10], [§3.4][s3-4], [§8.6][s8-6], [Appendix A][sA], [Appendix B][sB], [Appendix C][sC], [Appendix D][sD]	OK	Spec field; the section still holds the entry's content
decisions.md	8075	§7.4	D-220	Spec	**Spec.** [§2.1][s2-1], [§3.2][s3-2], [§4.3][s4-3], [§4.4][s4-4], [§5.2][s5-2], [§5.3][s5-3], [§5.4][s5-4], [§6.2][s6-2], [§7.1][s7-1], [§7.3][s7-3], [§7.4][s7-4], [§7.5][s7-5], [§8.1][s8-1], [§8.2][s8-2], [§8.5][s8-5], [§9.3][s9-3], [§9.4][s9-4], [§9.5][s9-5], [§9.7][s9-7], [§10.4][s10-4], [§10.5][s10-5], [§10.6][s10-6], [§12.5][s12-5], [§13.4][s13-4], [§13.5][s13-5], [§13.6][s13-6], [§13.7][s13-7], [§14.5][s14-5], [§14.7][s14-7], [§14.8][s14-8], [§14.10][s14-10], [§3.4][s3-4], [§8.6][s8-6], [Appendix A][sA], [Appendix B][sB], [Appendix C][sC], [Appendix D][sD]	OK	Spec field; the section still holds the entry's content
decisions.md	8076	§7.5	D-220	Spec	**Spec.** [§2.1][s2-1], [§3.2][s3-2], [§4.3][s4-3], [§4.4][s4-4], [§5.2][s5-2], [§5.3][s5-3], [§5.4][s5-4], [§6.2][s6-2], [§7.1][s7-1], [§7.3][s7-3], [§7.4][s7-4], [§7.5][s7-5], [§8.1][s8-1], [§8.2][s8-2], [§8.5][s8-5], [§9.3][s9-3], [§9.4][s9-4], [§9.5][s9-5], [§9.7][s9-7], [§10.4][s10-4], [§10.5][s10-5], [§10.6][s10-6], [§12.5][s12-5], [§13.4][s13-4], [§13.5][s13-5], [§13.6][s13-6], [§13.7][s13-7], [§14.5][s14-5], [§14.7][s14-7], [§14.8][s14-8], [§14.10][s14-10], [§3.4][s3-4], [§8.6][s8-6], [Appendix A][sA], [Appendix B][sB], [Appendix C][sC], [Appendix D][sD]	OK	Spec field; the section still holds the entry's content
decisions.md	8569	§7.3	D-231	Spec	**Spec.** [§3.2][s3-2], [§7.3][s7-3], [§8.2][s8-2], [§9.1][s9-1], [Appendix C][sC], [Appendix D][sD]	OK	Spec field; the section still holds the entry's content
decisions.md	8572	§7.3	D-231	Rationale	**Rationale.** The three sources disagreed and the code checked nothing: [§7.3][s7-3] granted `s` "any immutable value" under the frozen-reference rule, the declaration's docstring and [D-195][d-195] said isbits, and the build enforced neither.	OK	history: the prior §7.3 text
decisions.md	8576	§7.3	D-231	Rationale	Isbits is one exact predicate, `isbitstype`, checkable once at build. "Immutable plus frozen references" is a claim about the run and can only be contract, which contradicts [§7.3][s7-3]'s own opening — stores governed by checks, the workspace by contract.	OK	'governed by contract rather than by checks' word for word in §7.3's opening
decisions.md	8599	§7.3	D-231	Rejected	- *Any immutable value under the frozen-reference rule (the prior [§7.3][s7-3] text):* uncheckable, so contract-only; motivated by an example that does not need it; leaves the copy hedges in place.	OK	history: the prior §7.3 text
decisions.md	8713	§7.1	D-235	Spec	**Spec.** [§7.1][s7-1], [§9.5][s9-5], [Appendix C][sC]	OK	§7.1 write-back bullet; new text cites D-235 at §7.2 (Spec field gains §7.2 at landing)
decisions.md	8751	§7.2	D-235	Rejected	Type stability under `Dual` is an authoring rule ([§7.2][s7-2]), not a conformance predicate.	OK	§7.2's author rules
decisions.md	9001	§7.5	D-241	Rejected	- *A status tuple sized to the roster, in the snapshot's type:* two fewer small allocations, bought with a compile per roster size per process and a publisher rebound at every roster change; the zero-additional sentence was [§7.5][s7-5]'s invariant extended past the scope [§7.5][s7-5] gives it.	OK	fixed by R5/R15: §7.5 now states it; the old chapter did not: §7.5 now gives the scope
decisions.md	9001	§7.5	D-241	Rejected	- *A status tuple sized to the roster, in the snapshot's type:* two fewer small allocations, bought with a compile per roster size per process and a publisher rebound at every roster change; the zero-additional sentence was [§7.5][s7-5]'s invariant extended past the scope [§7.5][s7-5] gives it.	OK	fixed by R5/R15: §7.5 now states it; the old chapter did not: §7.5 now gives the scope
decisions.md	9077	§7.3	D-243	Spec	**Spec.** [§4.3][s4-3], [§7.3][s7-3], [Appendix C][sC]	OK	Spec field; the section still holds the entry's content
decisions.md	9080	§7.3	D-243	Rationale	**Rationale.** [§4.1][s4-1] requires of a port value immutability plus frozen references, and [§7.3][s7-3] admits a `Symbol` in a store because it is interned, immutable and never freed.	OK	'interned, immutable and never freed' word for word
decisions.md	9086	§7.5	D-243	Rationale	The cost of the refusal was concrete: the idiomatic mode label is a `Symbol`, so a mode so labelled could not be declared public, and [§7.5][s7-5]'s remedy for the absent event stream worked for enum modes alone.	OK	§7.5 event-firing paragraph keeps 'the honest remedy'
decisions.md	9091	§7.3	D-243	Rationale	A struct nesting a `Symbol` is non-isbits and immutable, hence one opaque leaf as a whole, which mirrors [§7.3][s7-3]'s ruling that a struct nesting a `Symbol` is not a store field.	OK	
decisions.md	9097	§7.5	D-243	Rejected	- *Keeping the refusal and making `Symbol` store-only:* the argument that admits it at the store is denied at the table, and [§7.5][s7-5]'s remedy stays halved.	OK	§7.5 remedy kept (M9)
decisions.md	9249	§7.1	D-247	Spec	**Spec.** [§7.1][s7-1], [§8.2][s8-2], [§9.1][s9-1], [Appendix C][sC]	OK	Spec field; the section still holds the entry's content
decisions.md	9542	§7.5	D-252	Spec	**Spec.** [§5.2][s5-2], [§5.3][s5-3], [§7.5][s7-5], [§8.3][s8-3], [§9.1][s9-1], [§9.3][s9-3], [§10.6][s10-6], [§13.2][s13-2], [Appendix B][sB], Appendix C, [Appendix D][sD]	OK	Spec field; the section still holds the entry's content
decisions.md	9773	§7.5	D-255	Rejected	- *`Run` as an immutable value rebuilt per frame:* the log and trace are append-only state; copying them per frame is the allocation [§7.5][s7-5] forbids.	OK	
decisions.md	10022	§7.5	D-260	Rationale	The thunk cannot take the ordinal as an argument: it is called through an untyped field, and a boxed `Int` would allocate on the frame path ([§7.5][s7-5]).	OK	
decisions.md	10290	§7.2	D-263	Spec	**Spec.** [§4.3][s4-3], [§6.1][s6-1], [§6.2][s6-2], [§7.2][s7-2], [§7.3][s7-3], [§8.1][s8-1], [§8.2][s8-2], [§8.3][s8-3], [§8.5][s8-5], [§8.6][s8-6], [§9.1][s9-1], [§9.4][s9-4], [§9.5][s9-5], [§13.7][s13-7], [§14.10][s14-10], [Appendix A][sA], [Appendix C][sC], [Appendix D][sD]	OK	Spec field; the section still holds the entry's content
decisions.md	10290	§7.3	D-263	Spec	**Spec.** [§4.3][s4-3], [§6.1][s6-1], [§6.2][s6-2], [§7.2][s7-2], [§7.3][s7-3], [§8.1][s8-1], [§8.2][s8-2], [§8.3][s8-3], [§8.5][s8-5], [§8.6][s8-6], [§9.1][s9-1], [§9.4][s9-4], [§9.5][s9-5], [§13.7][s13-7], [§14.10][s14-10], [Appendix A][sA], [Appendix C][sC], [Appendix D][sD]	OK	Spec field; the section still holds the entry's content
decisions.md	10625	§7.1	D-267	Spec	**Spec.** [§3.4][s3-4], [§4.1][s4-1], [§4.3][s4-3], [§4.4][s4-4], [§5.2][s5-2], [§5.3][s5-3], [§5.4][s5-4], [§6.2][s6-2], [§7.1][s7-1], [§7.2][s7-2], [§7.3][s7-3], [§7.4][s7-4], [§7.5][s7-5], [§8.1][s8-1], [§8.2][s8-2], [§8.3][s8-3], [§8.4][s8-4], [§8.5][s8-5], [§8.6][s8-6], [§8.8][s8-8], [§9.1][s9-1], [§9.3][s9-3], [§9.4][s9-4], [§9.5][s9-5], [§9.7][s9-7], [§10.5][s10-5], [§10.6][s10-6], [§11.2][s11-2], [§11.3][s11-3], [§12.5][s12-5], [§13.1][s13-1], [§13.3][s13-3], [§13.4][s13-4], [§13.5][s13-5], [§13.7][s13-7], [§14.3][s14-3], [§14.4][s14-4], [§14.5][s14-5], [§14.7][s14-7], [§14.8][s14-8], [§14.10][s14-10], [Appendix A][sA], [Appendix B][sB], [Appendix C][sC], [Appendix D][sD]	OK	Spec field; the section still holds the entry's content
decisions.md	10625	§7.2	D-267	Spec	**Spec.** [§3.4][s3-4], [§4.1][s4-1], [§4.3][s4-3], [§4.4][s4-4], [§5.2][s5-2], [§5.3][s5-3], [§5.4][s5-4], [§6.2][s6-2], [§7.1][s7-1], [§7.2][s7-2], [§7.3][s7-3], [§7.4][s7-4], [§7.5][s7-5], [§8.1][s8-1], [§8.2][s8-2], [§8.3][s8-3], [§8.4][s8-4], [§8.5][s8-5], [§8.6][s8-6], [§8.8][s8-8], [§9.1][s9-1], [§9.3][s9-3], [§9.4][s9-4], [§9.5][s9-5], [§9.7][s9-7], [§10.5][s10-5], [§10.6][s10-6], [§11.2][s11-2], [§11.3][s11-3], [§12.5][s12-5], [§13.1][s13-1], [§13.3][s13-3], [§13.4][s13-4], [§13.5][s13-5], [§13.7][s13-7], [§14.3][s14-3], [§14.4][s14-4], [§14.5][s14-5], [§14.7][s14-7], [§14.8][s14-8], [§14.10][s14-10], [Appendix A][sA], [Appendix B][sB], [Appendix C][sC], [Appendix D][sD]	OK	Spec field; the section still holds the entry's content
decisions.md	10625	§7.3	D-267	Spec	**Spec.** [§3.4][s3-4], [§4.1][s4-1], [§4.3][s4-3], [§4.4][s4-4], [§5.2][s5-2], [§5.3][s5-3], [§5.4][s5-4], [§6.2][s6-2], [§7.1][s7-1], [§7.2][s7-2], [§7.3][s7-3], [§7.4][s7-4], [§7.5][s7-5], [§8.1][s8-1], [§8.2][s8-2], [§8.3][s8-3], [§8.4][s8-4], [§8.5][s8-5], [§8.6][s8-6], [§8.8][s8-8], [§9.1][s9-1], [§9.3][s9-3], [§9.4][s9-4], [§9.5][s9-5], [§9.7][s9-7], [§10.5][s10-5], [§10.6][s10-6], [§11.2][s11-2], [§11.3][s11-3], [§12.5][s12-5], [§13.1][s13-1], [§13.3][s13-3], [§13.4][s13-4], [§13.5][s13-5], [§13.7][s13-7], [§14.3][s14-3], [§14.4][s14-4], [§14.5][s14-5], [§14.7][s14-7], [§14.8][s14-8], [§14.10][s14-10], [Appendix A][sA], [Appendix B][sB], [Appendix C][sC], [Appendix D][sD]	OK	Spec field; the section still holds the entry's content
decisions.md	10626	§7.4	D-267	Spec	**Spec.** [§3.4][s3-4], [§4.1][s4-1], [§4.3][s4-3], [§4.4][s4-4], [§5.2][s5-2], [§5.3][s5-3], [§5.4][s5-4], [§6.2][s6-2], [§7.1][s7-1], [§7.2][s7-2], [§7.3][s7-3], [§7.4][s7-4], [§7.5][s7-5], [§8.1][s8-1], [§8.2][s8-2], [§8.3][s8-3], [§8.4][s8-4], [§8.5][s8-5], [§8.6][s8-6], [§8.8][s8-8], [§9.1][s9-1], [§9.3][s9-3], [§9.4][s9-4], [§9.5][s9-5], [§9.7][s9-7], [§10.5][s10-5], [§10.6][s10-6], [§11.2][s11-2], [§11.3][s11-3], [§12.5][s12-5], [§13.1][s13-1], [§13.3][s13-3], [§13.4][s13-4], [§13.5][s13-5], [§13.7][s13-7], [§14.3][s14-3], [§14.4][s14-4], [§14.5][s14-5], [§14.7][s14-7], [§14.8][s14-8], [§14.10][s14-10], [Appendix A][sA], [Appendix B][sB], [Appendix C][sC], [Appendix D][sD]	OK	Spec field; the section still holds the entry's content
decisions.md	10626	§7.5	D-267	Spec	**Spec.** [§3.4][s3-4], [§4.1][s4-1], [§4.3][s4-3], [§4.4][s4-4], [§5.2][s5-2], [§5.3][s5-3], [§5.4][s5-4], [§6.2][s6-2], [§7.1][s7-1], [§7.2][s7-2], [§7.3][s7-3], [§7.4][s7-4], [§7.5][s7-5], [§8.1][s8-1], [§8.2][s8-2], [§8.3][s8-3], [§8.4][s8-4], [§8.5][s8-5], [§8.6][s8-6], [§8.8][s8-8], [§9.1][s9-1], [§9.3][s9-3], [§9.4][s9-4], [§9.5][s9-5], [§9.7][s9-7], [§10.5][s10-5], [§10.6][s10-6], [§11.2][s11-2], [§11.3][s11-3], [§12.5][s12-5], [§13.1][s13-1], [§13.3][s13-3], [§13.4][s13-4], [§13.5][s13-5], [§13.7][s13-7], [§14.3][s14-3], [§14.4][s14-4], [§14.5][s14-5], [§14.7][s14-7], [§14.8][s14-8], [§14.10][s14-10], [Appendix A][sA], [Appendix B][sB], [Appendix C][sC], [Appendix D][sD]	OK	Spec field; the section still holds the entry's content
decisions.md	11413	§7.1	D-276	Position	- A store selector takes a field name with at most an index step, since the state is flat ([§7.1][s7-1]).	OK	
decisions.md	11443	§7.1	D-276	Rationale	[§7.1][s7-1] keeps it flat, so a store selector takes at most an index step.	OK	
decisions.md	11599	§7.1	D-279	Spec	**Spec.** [§3.3][s3-3], [§3.4][s3-4], [§4.3][s4-3], [§5.2][s5-2], [§5.3][s5-3], [§5.4][s5-4], [§6.1][s6-1], [§6.2][s6-2], [§7.1][s7-1], [§7.4][s7-4], [§8.1][s8-1], [§8.2][s8-2], [§8.5][s8-5], [§8.6][s8-6], [§8.8][s8-8], [§9.1][s9-1], [§9.2][s9-2], [§9.3][s9-3], [§9.4][s9-4], [§9.5][s9-5], [§9.7][s9-7], [§11.3][s11-3], [§13.1][s13-1], [§13.3][s13-3], [§13.4][s13-4], [§13.5][s13-5], [§13.7][s13-7], [§14.1][s14-1], [§14.2][s14-2], [§14.7][s14-7], [§14.8][s14-8], [§14.10][s14-10], [Appendix B][sB], [Appendix C][sC], [Appendix D][sD]	OK	Spec field; the section still holds the entry's content
decisions.md	11599	§7.4	D-279	Spec	**Spec.** [§3.3][s3-3], [§3.4][s3-4], [§4.3][s4-3], [§5.2][s5-2], [§5.3][s5-3], [§5.4][s5-4], [§6.1][s6-1], [§6.2][s6-2], [§7.1][s7-1], [§7.4][s7-4], [§8.1][s8-1], [§8.2][s8-2], [§8.5][s8-5], [§8.6][s8-6], [§8.8][s8-8], [§9.1][s9-1], [§9.2][s9-2], [§9.3][s9-3], [§9.4][s9-4], [§9.5][s9-5], [§9.7][s9-7], [§11.3][s11-3], [§13.1][s13-1], [§13.3][s13-3], [§13.4][s13-4], [§13.5][s13-5], [§13.7][s13-7], [§14.1][s14-1], [§14.2][s14-2], [§14.7][s14-7], [§14.8][s14-8], [§14.10][s14-10], [Appendix B][sB], [Appendix C][sC], [Appendix D][sD]	OK	Spec field; the section still holds the entry's content
decisions.md	12008	§7.5	D-288	Rationale	Publication is not a phase body, which is the [§7.5][s7-5] carve-out made structural; isolated invocation leaves buffers valid but off-trajectory, and re-`init!` continues (as recorded in [D-116][d-116]).	VAGUE	pre-existing: was MISSING; §7.5 now cites D-288 and states publication is not a phase body; holds in substance since R5/R15 (§7.5: publication not a phase body, its per-boundary snapshot allocation sits with logging on the framework side, outside what the invariant claims is zero); the word carve-out is not §7.5's
decisions.md	12324	§7.1	D-295	Position	`Pinned` has no place in a store, because [§7.1][s7-1] admits no pinned state leaf.	VAGUE	pre-existing: same as spec 2599
decisions.md	12551	§7.3	D-302	Spec	**Spec.** [§4.1][s4-1], [§7.3][s7-3], [Appendix D][sD]	OK	Spec field; the section still holds the entry's content
decisions.md	12553	§7.3	D-302	Rationale	**Rationale.** [§4.1][s4-1] and [§7.3][s7-3] reserved the word for the `s` and `m` registers, reading [D-121][d-121]'s "`z`/`m` live in *stores*" as exclusive.	OK	history: store as §4.1 and §7.3 used it
decisions.md	12565	§7.3	D-302	Rejected	- *Reserve "store" for `s` and `m`, as [§4.1][s4-1] and [§7.3][s7-3] stated it:* over a hundred spec rewrites, and renames of two diagnostic kinds and the store selectors in `src/`, for a distinction the buffer already carries.	OK	history
extensions.md	53	§7.2			- **Trim and linearization** ([§14.7][s14-7]–[§14.10][s14-10]) are engine-integrated, with exact AD Jacobians through the eltype-generic sweep ([§7.2][s7-2]); perturbation-based `linmod` is strictly weaker.	OK	
extensions.md	56	§7.5			- Guarantees the reference lacks: deterministic replay ([§2.2][s2-2], [§11.5][s11-5]), the zero-allocation invariant ([§7.5][s7-5]), and the error-locality discipline of [§13][s13].	OK	
extensions.md	122	§7.1			- **Variable-size signals / dynamic structure.** Fundamental conflict with the cell store, the flat state backing ([§7.1][s7-1]) and the compiled executor ([§9.7][s9-7]) — all sized at build — and with the zero-allocation invariant.	OK	
extensions.md	220	§7.2			[§7.2][s7-2] scopes the eltype-generic surface deliberately: payload/value types are **walked** (they follow the activation scalar), parameters are **pinned** ("stay `Float64`; promotion handles mixing"), and [§14.10][s14-10] makes differentiation participation a per-invocation *seeding* fact over `x`-taps and root inputs.	OK	'stay `Float64`' and 'promotion handles mixing' word for word in §7.2's Pinned tier
extensions.md	278	§7.2			[§7.2][s7-2]'s "promotion handles mixing" clause is already doing exactly this job.	OK	'promotion handles mixing' word for word
extensions.md	283	§7.2			[§8.5][s8-5]'s type-based assembly shape already has this property — it is [§7.2][s7-2]'s "no `::SomeType{Float64}` annotations" rule transposed from method signatures to field declarations.	VAGUE	pre-existing: the quoted 'no `::SomeType{Float64}` annotations' was never word for word; §7.2 rule 3 reads 'No `::SomeType{Float64}` return-type annotations'. Track 2: fix the quote
extensions.md	286	§7.2			- **Parameters mix; storage does not.** Cell types and the `x`-buffer eltype are declarations *retyped at the activation scalar by the leaf walk* ([§7.2][s7-2], [§8.2][s8-2]), never inferred from traffic.	OK	§7.2: one walk retypes it per activation
extensions.md	294	§7.2			- **Nominal cost is zero.** At the `Float64` activation a parametric field specializes to the same concrete struct; `@kwdef` defaults pin the no-argument case — the pattern [§7.2][s7-2] already prescribes for the walked payload types.	OK	§7.2 Walked tier keeps the @kwdef pattern sentence (R2)
extensions.md	334	§7.2			Also unexamined: which library structs get the parametric spelling in the [§13.7][s13-7] migration — whether [§7.2][s7-2]'s mechanical parametrization of the walked payload list simply extends to parameter carriers, or participation is opted into per component.	COMPANION	the walked payload list moved to migration_outline.md, 'The parametrization pass'; §7.2 keeps the Walked tier, 'mechanical' and one example
implementation.md	141	§7.3			- The store-form check `check_store_form` (§8.2, D-247), the store isbits check (§7.3, D-231) and the state-leaf vocabulary check (§7.1, D-094).	OK	
implementation.md	141	§7.1			- The store-form check `check_store_form` (§8.2, D-247), the store isbits check (§7.3, D-231) and the state-leaf vocabulary check (§7.1, D-094).	OK	
implementation.md	176	§7.1			Spec: §5.3, §5.5, §5.6, §6.1, §7.1, §7.3, §8.2, §9.1–§9.4, §9.7, §10.4, §13.2, D-012, D-051, D-094, D-166, D-179, D-208, D-210, D-229, D-231, D-235, D-236, D-237, D-247, D-248, D-250, D-252, D-253, D-256, D-261, D-263, D-265, D-289.	OK	
implementation.md	176	§7.3			Spec: §5.3, §5.5, §5.6, §6.1, §7.1, §7.3, §8.2, §9.1–§9.4, §9.7, §10.4, §13.2, D-012, D-051, D-094, D-166, D-179, D-208, D-210, D-229, D-231, D-235, D-236, D-237, D-247, D-248, D-250, D-252, D-253, D-256, D-261, D-263, D-265, D-289.	OK	
implementation.md	277	§7.5			The log stores the box publication made, which `log!` takes `@nospecialize`d beside its concrete type, so the two `boundary` reads stay static (§7.5).	OK	§7.5 logging tier: the log retains the published snapshot objects by reference
implementation.md	472	§7.1			Spec: §4.1, §4.3, §4.4, §6.1, §7.1, §7.2, §8.2, §9.5, §13.4, D-166, D-235, D-236, D-237, D-238, D-243, D-263, D-264, D-265, D-276.	OK	
implementation.md	472	§7.2			Spec: §4.1, §4.3, §4.4, §6.1, §7.1, §7.2, §8.2, §9.5, §13.4, D-166, D-235, D-236, D-237, D-238, D-243, D-263, D-264, D-265, D-276.	OK	
pending.md	93	§7.5			- **Publication's garbage** (§7.5, §10.7, §11.2, D-269).	OK	§7.5 now names publication's per-boundary snapshot allocation (R5/R15)
pending.md	109	§7.5			- **A scheduled young collection.** §7.5 names `GC.gc(false)` at frame boundaries, and nothing in `src/` builds it.	OK	§7.5 keeps GC.gc(false) at frame boundaries
companions/event_visibility_walkthrough.md	20	§7			A signal-table cell does not hold bytes that get mutated in place — it holds a *reference* to an immutable value ([§4.1][s4-1], [§7][s7]). "Writing a cell" means replacing that reference with a reference to a *new* value:	OK	
companions/frozen_discrete_walkthrough.md	4	§7.2			The ground truth is `spec.md` [§7.2][s7-2] (genericity scoping), [§10.5][s10-5] (gated tick scheduling), [§8.2][s8-2] (the frozen-exact typing rule), [§9.5][s9-5] (the embedding guarantee) and [§14.10][s14-10] (linearization and the sampled-data door), with decision [D-070][d-070] and [D-072][d-072] scoping the AD consumers.	OK	
companions/migration_outline.md	25	§7.1			| The state-declaration conversion to the closed vocabulary | each `RQuat` state field becomes its `SVector{4}` backing, each `Ranged` state field a plain scalar | [§7.1][s7-1] | — |	OK	§7.1 keeps RQuat and Ranged
companions/migration_outline.md	109	§7.1			**The state-declaration conversion.** State declarations move to the closed vocabulary ([§7.1][s7-1]).	OK	
briefs/brief_audit_conformance.md	199	§7			``` §1 Purpose and method 145–181 §2 Formalism 182–249 (2.1 events 197, 2.2 exclusions 230) §3 Component taxonomy 250–315 (3.1 254, 3.2 280, 3.3 305) §4 Ports and signals 316–524 (4.1 318, 4.2 350, 4.3 366, 4.4 456) §5 Evaluation order and feedthrough 525–989 (5.1 527, 5.2 535, 5.3 686, 5.4 830, 5.5 898, 5.6 917) §6 Composition 990–1255 (6.1 997, 6.2 1113) §7 State and data representation 1256–1590 (7.1 1258, 7.2 1340, 7.3 1401, 7.4 1504, 7.5 1546)	HISTORY	frozen record or older numbering
briefs/brief_audit_conformance.md	216	§7.1			§5.2's hand-off laws, §5.3's stage roles and step boundaries, §7.1's flat backing, §7.2's eltype genericity and §7.5's allocation policy are the concrete end of your slice and should be audited hard. §7.4 is lineage and prior art; it asks nothing of the code, note that and move on.	HISTORY	frozen record or older numbering
briefs/brief_audit_conformance.md	217	§7.2			§5.2's hand-off laws, §5.3's stage roles and step boundaries, §7.1's flat backing, §7.2's eltype genericity and §7.5's allocation policy are the concrete end of your slice and should be audited hard. §7.4 is lineage and prior art; it asks nothing of the code, note that and move on.	HISTORY	frozen record or older numbering
briefs/brief_audit_conformance.md	217	§7.5			§5.2's hand-off laws, §5.3's stage roles and step boundaries, §7.1's flat backing, §7.2's eltype genericity and §7.5's allocation policy are the concrete end of your slice and should be audited hard. §7.4 is lineage and prior art; it asks nothing of the code, note that and move on.	HISTORY	frozen record or older numbering
briefs/brief_audit_conformance.md	218	§7.4			§5.2's hand-off laws, §5.3's stage roles and step boundaries, §7.1's flat backing, §7.2's eltype genericity and §7.5's allocation policy are the concrete end of your slice and should be audited hard. §7.4 is lineage and prior art; it asks nothing of the code, note that and move on.	HISTORY	frozen record or older numbering
briefs/brief_increment_21.md	51	§7			Source: `src/conditions.jl` (all of it — the algebra, `resolve_condition`, `assert_total`, the dynamic-walk `apply!`), `src/sim.jl` (the `Simulation` struct and constructor, `evaluate!`, `boundary_zero!`, `_round!`, `event_phase!`, `init!`, `state`, `port`, `modes`), `src/build.jl` §5–§7 (`Activation`, `Build`, `activation`, `establish_defaults!`, `compile`), `src/store.jl`, `src/executor.jl` (`EventSet`, `Establish`), `src/stepper.jl`, `src/localize.jl`, `src/library.jl` (the `condition` idiom, `Plant`, `DiscreteIntegrator`, `sampled_loop`, `Trigger`, `ZOH`), `test/utils.jl`, `test/test_conditions.jl`.	HISTORY	frozen record or older numbering
briefs/brief_increment_21.md	94	§7.1			```julia struct Executor{T,S,B,CL,EV} act::Activation{T} # the layout and probe products it was materialized from store::S # the signal table: cells and root inputs xbuf::Vector{T} # continuous state, the flat buffer (§7.1) ẋbuf::Vector{T} # its derivative — integrator scratch (§7.5) sstores::Vector{Any} # discrete state stores, by component index mstores::Vector{Any} # mode stores, by component index clock::CL bodies::B # the phase bodies, closed over the buffers above events::EV # the compiled event set, likewise (nominal only) end	HISTORY	frozen record or older numbering
briefs/brief_increment_21.md	95	§7.5			```julia struct Executor{T,S,B,CL,EV} act::Activation{T} # the layout and probe products it was materialized from store::S # the signal table: cells and root inputs xbuf::Vector{T} # continuous state, the flat buffer (§7.1) ẋbuf::Vector{T} # its derivative — integrator scratch (§7.5) sstores::Vector{Any} # discrete state stores, by component index mstores::Vector{Any} # mode stores, by component index clock::CL bodies::B # the phase bodies, closed over the buffers above events::EV # the compiled event set, likewise (nominal only) end	HISTORY	frozen record or older numbering
briefs/brief_increment_21.md	123	§7.5			The stepper seam (`step!(m, sim, h)`) and the frame loop keep reading through `sim` — whether they take `sim.exec` or `sim` is your call, but the loop's path must not change: the §7.5 zero-allocation gates in `test_continuous.jl` and the other `@ballocated` assertions are the acceptance test for this stage.	HISTORY	frozen record or older numbering
briefs/brief_increment_21.md	413	§7.5			**Executor (Stage 0).** Every existing test passes; the §7.5 gates unchanged.	HISTORY	frozen record or older numbering
briefs/brief_increment_25_api_names.md	16	§7.3			**Read, all in `docs/design/spec.md`:** §2.1 (197–229) — gains one sentence; §5.2 in full (535–685) — the signature block and the closed-set paragraph are rewritten; §5.3's "Stage roles: the letters" and "what each stage may see" (693–751) — the first is rewritten, the second swept; §7.3's Workspace block (1431–1498); §8.2's opening inventory and "State, modes, discrete state" (1779–1872); Appendix A (9623–9752), Appendix B (9753–10068), Appendix C (10069–10226) and Appendix D (10227–end) for the sweep.	HISTORY	frozen record or older numbering
briefs/brief_increment_25_api_names.md	115	§7			When unsure, prefer the equation reading for §2–§3 and §7, the API reading for §5, §8, §9, §13, §15 and the appendices, and list every instance you were unsure about in the report.	HISTORY	frozen record or older numbering
briefs/brief_increment_25_api_names.md	165	§7.3			The one visible consequence: `init_workspace` follows the tier split of the port contracts (`(::C, ::Type{T})` continuous, `(::C)` discrete) while `init_x`/`init_s`/`init_m` take the component alone on every tier. §7.3 states that in one sentence beside the allocator's signature block, with the reason: the state re-scalars through reconstruction, so `init_x` never needs `T`, while scratch is part of the `T`-generic surface itself.	HISTORY	frozen record or older numbering
briefs/brief_increment_25_api_names.md	175	§7.3			§8.2's rule "`init_x`, `init_s` and `init_m` declare by initial value: the type is derived from the value" gains the clause that `init_workspace` alone declares by allocation and nothing downstream derives from its type. §7.3's "declaration by allocation, never by initial value" stays true and stops leaning on the method's name.	HISTORY	frozen record or older numbering
briefs/brief_increment_25_api_names.md	250	§7.3			**§7.3 Workspace (1431–1498).** `init_workspace`; the arity sentence of design point 2; the by-allocation sentence reworded.	HISTORY	frozen record or older numbering
briefs/brief_increment_31_always_on_check.md	14	§7.1			**Read, all in `docs/design/spec.md`:** §9.5 in full (3399–3522): the expected type (3405–3422), the names-are-the-pairing rule (3423–3441), exact-at-nominal and embed-accept (3442–3479), the uniformity paragraph (3480–3500) and the failure payload (3514–3522); §7.1's "What `Ẋ` is" (1317–1327); §13.4's species rule (7350–7375); Appendix C's `ConformanceFailure` row (10414).	HISTORY	frozen record or older numbering
briefs/brief_increment_31_always_on_check.md	231	§7.3			# §7.3: a discrete successor is the store's own type exactly — the	HISTORY	frozen record or older numbering
briefs/brief_increment_33_opaque_leaves.md	17	§7.1			In `docs/design/decisions.md`: D-237 in full (8537–8573), whose Rejected list names the built shape you are replacing. §7.1 (1298–1312) is the *state* vocabulary; handles never enter it.	HISTORY	frozen record or older numbering
briefs/brief_increment_33_opaque_leaves.md	119	§7.1			Nothing on the tree reaches it with a handle (`_embed` short-circuits on `typeof(v) === P`, which always holds for a handle since its declaration has no `T`; `retype_value` and `establish_defaults!` walk state, which §7.1 closes to scalars and static arrays), but the walkers must agree with each other.	HISTORY	frozen record or older numbering
briefs/brief_increment_33_opaque_leaves.md	162	§7.1			```julia "§4.3, §7.1, §8.2, D-215, D-237: a port type the leaf walk cannot lay out — no leaves, a mutable type on the walk, or a handle at a root input." Base.@kwdef struct IllegalPortType <: Diagnostic path::String site::Symbol # :port | :root_input name::Symbol declared::Any # the offending type reason::Symbol = :no_leaves # :no_leaves | :mutable | :handle_at_root position::Any = nothing # :mutable — the dotted position of the mutable type, "" for the port itself end	HISTORY	frozen record or older numbering
briefs/brief_increment_33_opaque_leaves.md	290	§7.5			- `docs/design/pending.md` (91–98): the bullet becomes "**Port-value coverage** (M-B7, M-B10): enum-valued ports are refused — … §7.5's publish-a-mode remedy; containers of containers take …".	HISTORY	frozen record or older numbering
briefs/brief_increment_34_auto_publication.md	9	§7.1			**Standing.** The spec has carried auto-publication since D-016 and every clause around it is in place — the bundle law's `y` row, D-169's hand-down exclusion, §7.1's state-cell table, §9.1's three-way port classification, §9.5's `Expected` with auto-published names removed.	HISTORY	frozen record or older numbering
briefs/brief_increment_34_auto_publication.md	21	§7.1			**Read, all in `docs/design/spec.md`:** §5.3's stage roles (760–800; the rule at 774–779 is the construct); §8.3 in full (2316–2371; the conformance bullet at 2340–2352 names the refusals); §5.2's bundle law (613–636, the `y` row at 625 and the hand-down paragraph at 630–636); §9.1 Stratum B (3007–3026); §9.3's probe argument sourcing (3234–3242); §9.5's opening (3403–3412) and the names-are-the-pairing paragraph (3428–3436); §7.1's one-home-per-datum paragraph (1366–1373); §9.7's phase-body paragraphs (3600–3625); Appendix C's `ProducedByTwoStages` and `DeclaredNotProduced` rows (10840–10846); the glossary's auto-published-port entry (11066–11070); Appendix B's bundle footnote (10366–10373).	HISTORY	frozen record or older numbering
briefs/brief_increment_34_auto_publication.md	82	§7.3			Both idiomatic mode labels of §7.3 are therefore closed out of publication until the port-value-coverage bullet lands.	HISTORY	frozen record or older numbering
briefs/brief_increment_34_auto_publication.md	386	§7.5			- The port-value-coverage bullet: after "§7.5's publish-a-mode remedy", insert "; `Symbol`-valued ports are refused as mutable (`ismutabletype(Symbol)` holds, so D-237's walk meets it), which with the enum refusal closes both of §7.3's mode labels out of §5.3's auto-publication until ruled".	HISTORY	frozen record or older numbering
briefs/brief_increment_34_auto_publication.md	389	§7.3			- The port-value-coverage bullet: after "§7.5's publish-a-mode remedy", insert "; `Symbol`-valued ports are refused as mutable (`ismutabletype(Symbol)` holds, so D-237's walk meets it), which with the enum refusal closes both of §7.3's mode labels out of §5.3's auto-publication until ruled".	HISTORY	frozen record or older numbering
briefs/brief_increment_43_auto_publishing.md	114	§7.5			`GearMode`'s docstring (1221–1224) says publication is §7.5's remedy; §7.5 now says the remedy is declaring the mode field public, which the return delivers.	HISTORY	frozen record or older numbering
briefs/brief_increment_43_auto_publishing.md	114	§7.5			`GearMode`'s docstring (1221–1224) says publication is §7.5's remedy; §7.5 now says the remedy is declaring the mode field public, which the return delivers.	HISTORY	frozen record or older numbering
briefs/brief_increment_43_auto_publishing.md	157	§7.5			**`test_build.jl`, 1161–1166 and 1179–1181.** *"an enum mode is returned from stage 1 (§7.5)"*: `b.nominal.stage1[i] === (gear = up, y = 0.0)`, `keys(activation(b, D8).stage1[i]) === (:gear, :y)`, and the `port` read unchanged.	HISTORY	frozen record or older numbering
briefs/brief_increment_43_auto_publishing.md	160	§7.5			`PhaseMode`: `b.nominal.stage1[index_of(b.flat, "c")] === (phase = :idle, y = 0.0)`, the comment "the mode label is returned (§7.5's remedy on the idiomatic label)".	HISTORY	frozen record or older numbering
briefs/brief_increment_43_auto_publishing.md	210	§7.1			The section header becomes what remains, the store homes for `DeclaredNotProduced`'s list (§7.1, §8.3), cited D-252, not D-016 or D-169.	HISTORY	frozen record or older numbering
briefs/brief_increment_46_deployment.md	67	§7.4			In `docs/design/companions/sample_time_proposal.md`: §7.4 and §8, 631–745, the worked case the numbers above come from; the spec wins where they differ.	HISTORY	frozen record or older numbering
briefs/brief_increment_49_one_arity.md	14	§7.3			- §7.3 the workspace rule, spec.md:1695–1706: `init_workspace(::C, ::Type{T})` on both tiers, a discrete allocator always called at `Float64`.	HISTORY	frozen record or older numbering
briefs/brief_increment_54_linearize.md	297	§7.5			Plain `Vector`s: this is a stopped-sim service (§7.5), and dynamic dispatch per read is fine.	HISTORY	frozen record or older numbering
briefs/brief_increment_57_leaf_address.md	51	§7.1			- §7.1, 1497–1530: the state is flat; a field is one scalar or `SArray`.	HISTORY	frozen record or older numbering
briefs/brief_increment_57_leaf_address.md	261	§7.1			The store selectors accept what `resolve_leaf` accepts; since a state field is a scalar or `SArray` (§7.1), a `.name` step there falls out as `:no_such_field` with no candidates, and no separate flatness check is written.	HISTORY	frozen record or older numbering
briefs/brief_increment_57_leaf_address.md	370	§7.1			Add: a `[1,2]` `x` tap on an `SMatrix` state leaf (a small fixture; `x_init` may hold an `SMatrix`, §7.1) whose column matches the linear-index tap `[3]`; a `.name` step in `u` on a struct-typed root input refused `:unseedable`; the `:vector_tap` assertions unchanged in meaning.	HISTORY	frozen record or older numbering
briefs/brief_increment_58_compile_cost.md	27	§7			Read its Summary, §2, §4.1 to §4.4, §6's last three paragraphs, §7, §9 and §11.	HISTORY	frozen record or older numbering
briefs/brief_increment_58_compile_cost.md	137	§7			The 2026-09-30 report measured no gain from that rung (its §7).	HISTORY	frozen record or older numbering
briefs/brief_increment_58_compile_cost.md	155	§7.5			- `docs/design/spec.md` §9.7 "The compiled executor" (lines 4401–4608), its "Compile cost" block above all (4517–4552), and §7.5 "Allocation policy" (from 1834 to the next heading).	HISTORY	frozen record or older numbering
briefs/brief_increment_58_compile_cost.md	351	§7			- A default chunk size of 4: about 1 s per topology change against 3 to 9 % of runtime (§7).	HISTORY	frozen record or older numbering
briefs/brief_log_boxes.md	11	§7.5			> **The log boxes each snapshot again** (§7.5, §11.2, M-B26): `publish!`	HISTORY	frozen record or older numbering
briefs/brief_log_boxes.md	14	§7.5			> frame on `feedback_model`, where §7.5 makes logging amortized-zero.	HISTORY	frozen record or older numbering
briefs/brief_log_boxes.md	23	§7.5			> reuse does not. §7.5's sentence on inline records softens to match,	HISTORY	frozen record or older numbering
briefs/brief_log_boxes.md	36	§7.5			- `docs/design/spec.md` §7.5's "Logging" bullet (lines 1848–1859) and §11.2's log paragraphs (lines 5655–5700 and 5715–5745), which already say the log holds the published snapshots themselves, by reference, with zero extra copies.	HISTORY	frozen record or older numbering
briefs/brief_log_boxes.md	76	§7.5			§7.5's Logging bullet: replace its first two sentences so they no longer claim inline records.	HISTORY	frozen record or older numbering
briefs/brief_naming_src_remainder.md	48	§7.3			`fn` and `dev` are on the roster; `sstore`, `mstore`, `y1` and `ws` are spec symbols or derivatives (`ws` is §7.3's own spelling, in every argument set of §5); the selectors' `i` mirrors a public parameter (R2).	HISTORY	frozen record or older numbering
briefs/brief_naming_test_inventory.md	128	§7.5			## "the reader is the gather twin: allocation-free over an executor (§14.4, §7.5)" — line 66	HISTORY	frozen record or older numbering
briefs/brief_spec_rewrite.md	96	§7			The pilot's one-liner does this; §7 proposes promoting it to a tool.	HISTORY	frozen record or older numbering
briefs/brief_step1b_spec_conformance.md	53	§7			**Every other "auto-publ" site.** `rg -n -i 'auto-publ|auto_publ' docs/design/spec.md` lists them (§7.x near 1388 and 1932, §9.1 near 3064, §9.5 near 3281 and 3461–3477, §11.2 near 5047–5079, §14 near 8431, §15 near 9478, 9914 and 9966, Appendix B near 10446–10448, Appendix D near 11158).	HISTORY	frozen record or older numbering
briefs/draft_step1b_entries.md	353	§7.5			- *`Run` as an immutable value rebuilt per frame:* the log and trace are append-only state; copying them per frame is the allocation §7.5 forbids.	HISTORY	frozen record or older numbering
briefs/notes_increments_32_33.md	179	§7.1			**Where handles must not go.** `retype`/`retype_value` apply to `init_x` only, and §7.1's closed vocabulary excludes handles from state, so the state walk never meets one.	HISTORY	frozen record or older numbering
briefs/notes_standalone_updates.md	173	§7.5			- **The log's inline records** (item 3, second half). §7.5 says snapshots are records stored inline in a `Vector`.	HISTORY	frozen record or older numbering
briefs/notes_standalone_updates.md	180	§7.5			Recommendation: leave the shape and soften §7.5's sentence to the claim it makes in its next sentence, that the snapshot's fields ride as references to frozen data with no per-boundary garbage.	HISTORY	frozen record or older numbering
briefs/roadmap_pipeline_redesign.md	114	§7.5			Landed 2026-09-18: the brief as `f2bf173`, the fixture sweep as `43b7149`, the framework removal as `ae23a2b`, the cold review's amendment to D-252 (`ProducedByTwoStages` loses its producer column, §7.5's remedy returns the mode field) as `904748f`, and the review's fixes as `77cf4ba`.	HISTORY	frozen record or older numbering
briefs/roadmap_pipeline_redesign.md	137	§7.5			| `GearMode` | `gear::Gear` | an enum mode (§7.5) |	HISTORY	frozen record or older numbering
tools/gloss_table.md	258	§7.5			| workspace | §7.5, §8.2, §9.1, §14.1 |	HISTORY	frozen record or older numbering
tools/gloss_table.md	259	§7.3			| bundle | §5.3, §7.3, §10.5, §10.6, §12.5, §9.3, §13.2, §15.5 |	HISTORY	frozen record or older numbering
tools/gloss_table.md	260	§7.5			| field handle | §7.5, §11.2 |	HISTORY	frozen record or older numbering
tools/gloss_table.md	278	§7.3			| activation | §5.6, §6.1, §6.2, §7.3, §8.2, §8.3, §9.7, §13.7, §14.3, §14.8, §14.10 |	HISTORY	frozen record or older numbering
tools/gloss_table.md	280	§7.1			| executor | §5.2, §7.1, §8.1, §8.5, §9.5, §13.4 |	HISTORY	frozen record or older numbering
tools/gloss_table.md	296	§7.5			| unattended run | §7.5, §11.8, §12.4, §13.4 |	HISTORY	frozen record or older numbering
tools/gloss_table.md	310	§7.2			| feedthrough tracer | §7.2 |	HISTORY	frozen record or older numbering
tools/gloss_table.md	311	§7.5			| guarded addition | §4.3, §7.5, §11.3, §12.2 |	HISTORY	frozen record or older numbering
