file	line	cited	entry	field	sentence
spec.md	137	§10			[§8][s8] shows how an author writes a declaration, [§9][s9] fixes when each declared fact is checked, and [§10][s10] fixes what runs at a step boundary.
spec.md	153	§10			- Continuous dynamics with algebraic outputs, integrated on a fixed step, with events either located by root-finding or checked at step boundaries ([§2][s2], [§10][s10]).
spec.md	155	§10.5			- Multi-rate periodic discrete dynamics at declared sample times, held zero-order between ticks ([§3.2][s3-2], [§10.5][s10-5]).
spec.md	172	§10.7			- **Real-time interactive operation.** A simulation runs paced against the wall clock, with devices and a GUI attached ([§10.7][s10-7], [§11][s11]).
spec.md	235	§10.6			- **[Boundary-detected](#g-boundary-detected) (cheap).** The framework checks each guard for a not-holding → [holding](#g-edge-semantics) edge against its [prior](#g-prior) ([§10.6][s10-6]) at step [boundaries](#g-boundary) only.
spec.md	242	§10.4			[§10.4][s10-4] gives the mechanics.
spec.md	244	§10.7			Detection policy never depends on real-time [pacing](#g-pacing) ([§10.7][s10-7]).
spec.md	248	§10.5			Their instants are known in advance and scheduled ([§10.5][s10-5]).
spec.md	264	§10.6			[§10.6][s10-6] states the prior bookkeeping.
spec.md	270	§10.4			[§10.4][s10-4] states the rule, the exactness result that motivates the `Bool` form, and the gate idiom for localizing mixed predicates.
spec.md	361	§10.5			They are retained as the navigation and introspection hierarchy (GUI, logging, paths) and as declaration-level [rate scopes](#g-rate-scope) ([§10.5][s10-5]).
spec.md	383	§10.6			That deferred decode is what makes ticks→events structurally impossible and what terminates the [boundary](#g-boundary) iteration ([§10.6][s10-6]).
spec.md	816	§10.5			`t`, and `Δt` ([§10.5][s10-5]).
spec.md	912	§10.3			[§10.3][s10-3] and [§10.4][s10-4] restate that consequence as a property of the execution model.
spec.md	912	§10.4			[§10.3][s10-3] and [§10.4][s10-4] restate that consequence as a property of the execution model.
spec.md	914	§10.5			RHS evaluations and guard trial evaluations alike run the *interior* sweep, the continuous-only variant of [§10.5][s10-5].
spec.md	943	§10.6			The signal table is written **only by sweeps**, so a transition reaches the table at the next round's re-sweep ([§10.6][s10-6]).
spec.md	951	§10.6			[§10.6][s10-6] settles the iteration itself, how far it runs and how often each event may fire under the [firing budget](#g-firing-budget) (the per-boundary cap on how often each event fires).
spec.md	1899	§10			Nothing here runs: the executor built in [§9.7][s9-7] is not dispatched until [§10][s10].
spec.md	2141	§10.6			#events: ordered and named — order matters (§5.3, §10.6); detection policy by the guard's return type (§2.1) state_events(::Engine) = ( start = StateEvent(start_guard, start_handler), # boundary-detected: Bool guard ignition = StateEvent(ignition_guard, ignition_handler), # boundary-detected: Bool guard flameout = StateEvent(flameout_guard, flameout_handler)) # localized: sign-form guard start_guard(::Engine, (; m, u)) = #manual trigger: an input (§12.5) m.phase === off && u.starter start_handler(::Engine, _) = (; m = (; phase = starting)) #no `x` key: no reset ignition_guard(eng::Engine, (; x, m, u)) = #predicate form m.phase === starting && x.ω > eng.ω_idle && u.fuel_available ignition_handler(::Engine, _) = (; m = (; phase = running)) flameout_guard(eng::Engine, (; x)) = eng.ω_min - x.ω #continuous form: localizable flameout_handler(::Engine, _) = (; m = (; phase = off))
spec.md	2509	§10.4			A guard returning the nominal scalar makes it [localized](#g-localized), with the crossing instant bracketed by root-finding over trial sweeps ([§10.4][s10-4]).
spec.md	2510	§10.6			It is the declaration order used by [§5.3][s5-3] and the priority order, with re-decision, used by [§10.6][s10-6].
spec.md	2860	§10.5			Assemblies have no state of their own, which is the no-atomic-assemblies rule at declaration time ([§10.5][s10-5]).
spec.md	3124	§10.5			`Δt` in the stage [bundle](#g-bundle) (the NamedTuple of zero-copy views a component function receives) is the [§10.5][s10-5] single source of truth, put there for exactly this kind of discretized law.
spec.md	3140	§10.6			The guarantee is the [§10.6][s10-6] macro-sequence, not a scheduling accident.
spec.md	3142	§10.5			The sequence is integrate, project, [sweep](#g-sweep), with the due sampler's stages gated *into* that sweep ([§10.5][s10-5]) and the integrals arriving at stage-1 position, returned by `y_state` ([§5.3][s5-3]).
spec.md	3157	§10.5			That knowledge must be part of the framework's taught contract, not internal lore, with the [§10.5][s10-5] and [§10.6][s10-6] semantics stated in [component](#g-component)-author documentation ([Appendix A][sA]) and this IMU as the [worked](#g-worked) example.
spec.md	3157	§10.6			That knowledge must be part of the framework's taught contract, not internal lore, with the [§10.5][s10-5] and [§10.6][s10-6] semantics stated in [component](#g-component)-author documentation ([Appendix A][sA]) and this IMU as the [worked](#g-worked) example.
spec.md	3183	§10.5			These are the two forms of [§10.5][s10-5].
spec.md	3194	§10.5			A `sample_times` key on a continuous child is a build error (the Δt-on-continuous error at declaration time, [§10.5][s10-5]).
spec.md	3199	§10.5			The declaration belongs to the [assembly](#g-assembly) type, not to the child instance, because a sample time is a design ratio or a modeled instrument's intrinsic rate ([§10.5][s10-5]), never a per-instance value.
spec.md	3506	§10.5			The first is per-entry validity against the constraints of [§10.5][s10-5].
spec.md	3523	§10.5			The `Relative` case is the affine law ([§10.5][s10-5]) in anchor-tick units.
spec.md	3765	§10.4			They are grid-independent, so they take no part in the harmonic-grid check ([§10.4][s10-4], [§10.6][s10-6]).
spec.md	3765	§10.6			They are grid-independent, so they take no part in the harmonic-grid check ([§10.4][s10-4], [§10.6][s10-6]).
spec.md	3774	§10.5			The `Schedule` is the single source of truth for `Δt` ([§10.5][s10-5]).
spec.md	3777	§10.5			The model worked in [§10.5][s10-5] has three discrete components under two scopes, and that section's code block gives their `sample_times`.
spec.md	3855	§10.5			It is information rather than scolding, since a scope deliberately declared finer than its fastest member to buy stagger room ([§10.5][s10-5]) legitimately inflates the metric.
spec.md	4063	§10.4			- [Guards](#g-guard) and handlers never run, because event localization runs as `Float64` [sweeps](#g-sweep) by design ([§10.4][s10-4]).
spec.md	4348	§10.4			The probed form *is* the detection policy ([§10.4][s10-4], [D-179][d-179]), so no form/policy mismatch can be declared.
spec.md	4427	§10.5			Gating compiles to `(tick − Φ) % D == 0` inside the specialized *[boundary](#g-boundary)* body, and the interior bodies hold no discrete entries to test ([§10.5][s10-5]).
spec.md	4460	§10.6			- [Guards](#g-guard) and handlers are their own small callables inside the [§10.6][s10-6] iteration.
spec.md	4464	§10.5			The arities follow the interior/boundary split that [§10.5][s10-5] fixes.
spec.md	4476	§10.4			**At a localized event time `t*` ([§10.4][s10-4]), the empty due set is arity selection**, not an index trick ([D-147][d-147], [D-288][d-288]).
spec.md	4479	§10.5			The `t*` iteration therefore runs the zero-arg arities, whose compiled bodies contain no discrete entries ([§10.5][s10-5]).
spec.md	4488	§10.6			Fusing a step's sweep with its `x_deriv` block, or an event round's sweep with its guards and fired handlers ([§10.6][s10-6]), is an optimization it may take or decline.
spec.md	4671	§10			[§10][s10] owns time.
spec.md	5796	§10			This chapter covers GUI, input [devices](#g-device), network I/O and logging, and how data crosses between them and the [§10][s10] loop:
spec.md	5818	§10.3			That lock does enforce the [boundary](#g-boundary)-visibility rule ([§10.3][s10-3]), because it is only ever free between steps.
spec.md	5822	§10.7			There is then no defined input [trace](#g-trace), and bit-identical [replay](#g-replay) ([§10.7][s10-7]) is unachievable *in principle* for interactive runs.
spec.md	5827	§10.4			Its unit of account is the [frame](#g-frame) (one iteration of the loop: [drain](#g-drain), integrate, boundary sequence, publication), the grid step [§10.4][s10-4] names.
spec.md	5838	§10.4			It never happens at a `t*` boundary ([§10.4][s10-4]).
spec.md	5945	§10.3			Publication happens only after the boundary sequence completes ([§10.3][s10-3] as extended by [§10.6][s10-6]).
spec.md	5945	§10.6			Publication happens only after the boundary sequence completes ([§10.3][s10-3] as extended by [§10.6][s10-6]).
spec.md	5954	§10.7			**The [framework status](#g-framework-status) is a concrete frozen value, not a window onto live bookkeeping.** It carries the pacer diagnostics ([§10.7][s10-7]), plus the per-writer diagnostic batches, the suppressed and cumulative counters and the liveness timestamps the loop takes at frame top ([§11.8][s11-8]).
spec.md	6610	§10.7			It extends the determinism ([§10.7][s10-7]) end-to-end.
spec.md	6674	§10.4			- **The run's `Deployment` and the structural layout.** The [deployment](#g-deployment) (the scalar-free artifact the grid parameters fix) comes from [§9.2][s9-2], and it carries `Δt_base`, `h`, `N_base`, the algorithm identifier, `localization_tol`, `localization_budget` ([§10.4][s10-4]) and `firing_budget` ([§10.6][s10-6]).
spec.md	6674	§10.6			- **The run's `Deployment` and the structural layout.** The [deployment](#g-deployment) (the scalar-free artifact the grid parameters fix) comes from [§9.2][s9-2], and it carries `Δt_base`, `h`, `N_base`, the algorithm identifier, `localization_tol`, `localization_budget` ([§10.4][s10-4]) and `firing_budget` ([§10.6][s10-6]).
spec.md	7355	§10.7			Beside the per-writer records ride the pacer diagnostics ([§10.7][s10-7]).
spec.md	7431	§10.7			`margin` ([§10.7][s10-7]) rides here for the same reason `pace` does.
spec.md	7460	§10.7			Riding outside the drain/[trace](#g-trace) path is safe for determinism precisely because [§10.7][s10-7] put [pacing](#g-pacing) outside the semantics.
spec.md	7494	§10.7			A stepping session is the harness mode ([§12.6][s12-6]), and its frames are bit-identical to `run!`'s by [§10.7][s10-7]'s invariant.
spec.md	7500	§10.7			[§10.7][s10-7] fixed the shape of the pacer's wait, hybrid sleep-then-spin, but left the coarse phase's primitive open.
spec.md	7513	§10.7			The design already spends that slot twice, as the staging slot ([§10.7][s10-7]) and as the [drain](#g-drain) source ([§11.4][s11-4]).
spec.md	7523	§10.7			[Pacing](#g-pacing), and hence yielding, is outside the semantics ([§10.7][s10-7]).
spec.md	7598	§10.4			The counter counts *published boundaries*, that is grid, `t*` and [boundary zero](#g-boundary-zero) ([§10.4][s10-4]), not frames.
spec.md	7751	§10.4			Whole frames only, never a shortened final step, which grid integrity forbids ([§10.4][s10-4]; `tₖ = t₀ + k·h`, indexed and never accumulated).
spec.md	7767	§10.4			**The cap is deployment, not implementation.** That is the disposition [§10.4][s10-4] gives its own two constants, extended here to an operational one ([D-198][d-198]).
spec.md	8130	§10.7			The pacer's schedule and counters are `run!`'s own, created per call and passed to the loop and its publications as the policy is, and each snapshot's status carries their frozen record ([§10.7][s10-7], [D-269][d-269]).
spec.md	8341	§10.4			Ordinal keying is exact because the frame sequence is itself deterministic under replay (`t*` boundaries derive from state, [§10.4][s10-4]).
spec.md	8393	§10.4			[§10.4][s10-4] separates the two indices.
spec.md	8466	§10.7			- **[Pacing](#g-pacing) and the [control plane](#g-control-plane) are unchanged** ([§10.7][s10-7], [§12.1][s12-1]).
spec.md	8517	§10.4			The value covers the trajectory-determining parameters, `Δt_base`, `h`, `N_base`, the algorithm, `localization_tol`, `localization_budget` ([§10.4][s10-4]) and `firing_budget` ([§10.6][s10-6]), and the [schedule](#g-schedule) (the typed per-component `(D, Φ, Δt)` tick table) with every column, the anchor and rate-chain columns included.
spec.md	8518	§10.6			The value covers the trajectory-determining parameters, `Δt_base`, `h`, `N_base`, the algorithm, `localization_tol`, `localization_budget` ([§10.4][s10-4]) and `firing_budget` ([§10.6][s10-6]), and the [schedule](#g-schedule) (the typed per-component `(D, Φ, Δt)` tick table) with every column, the anchor and rate-chain columns included.
spec.md	8574	§10.6			[§10.6][s10-6] supplies the macro-sequence that boundary zero re-runs with an empty integrate.
spec.md	8772	§10.7			The [§10.7][s10-7] pacer diagnostics and the [§12.2][s12-2] liveness heartbeats ride in the same [cells](#g-diagnostic-cell) and surface beside it.
spec.md	8787	§10.4			- **[Chattering](#g-chattering), or localization-budget exhaustion** ([§10.4][s10-4]).
spec.md	8789	§10.6			- **Firing-budget exhaustion** ([§10.6][s10-6]).
spec.md	8791	§10.7			- **Forgiven-debt re-anchor** ([§10.7][s10-7]).
spec.md	9127	§10.4			Grid boundaries, `t*` ([§10.4][s10-4]) and [boundary zero](#g-boundary-zero) ([§14.5][s14-5]) all count.
spec.md	9377	§10.6			It is the tier's native `z⁻¹` ([§10.6][s10-6]), the shape an anti-windup chain's previous-saturation port hand-writes.
spec.md	9431	§10.5			A sampler is the other non-walking source, and it changes the model, holding the value between [ticks](#g-tick) ([§10.5][s10-5]); the block is for a continuous value the consumer cannot differentiate through.
spec.md	9926	§10.6			The init service then completes the [§10.6][s10-6] macro-sequence with an empty integrate.
spec.md	9944	§10.5			An offset [component](#g-component) ([§10.5][s10-5]) is *not* due, because its first [tick](#g-tick) is at `Φ·Δt_base`.
spec.md	9959	§10.6			The [prior](#g-prior) rule grounds that timing ([§10.6][s10-6]).
spec.md	10269	§10.2			That is the [§10.2][s10-2] stepper precedent exactly, a tiny needed core against a heavy dependency.
spec.md	10834	§10.1			That is a payoff of owning the loop ([§10.1][s10-1]).
spec.md	10953	§10.5			- **Boundary sampling** ([§10.5][s10-5]/[§10.6][s10-6]; worked example [§8.6][s8-6]). "Sampling at `t_k`" means sampling the post-integration, post-projection, stage-1-fresh state.
spec.md	10953	§10.6			- **Boundary sampling** ([§10.5][s10-5]/[§10.6][s10-6]; worked example [§8.6][s8-6]). "Sampling at `t_k`" means sampling the post-integration, post-projection, stage-1-fresh state.
spec.md	10974	§10.6			- **A continuous component's state reset is an event** ([§3.1][s3-1], [§10.6][s10-6], [§5.3][s5-3]).
spec.md	10985	§10.6			[§10.6][s10-6] re-sweeps outputs to quiescence after handlers, so a continuous edge-reset is same-boundary by construction.
spec.md	10988	§10.6			- **Guard predicates, edges and priors** ([§2.1][s2-1], [§10.6][s10-6]).
spec.md	10998	§10.6			- **Handler-phase visibility** ([§5.3][s5-3], [§10.6][s10-6]).
spec.md	11085	§10.4			Its stage and event functions are `y_state`, `y_direct` and `x_deriv`, guard/handler pairs (`StateEvent(guard, handler)`; the detection policy comes from the guard's return type, [§10.4][s10-4]) and `x_projection`.
spec.md	11161	§10.2			| `algorithm` | `RK4` | the stepper, selected by type here and materialized against the state buffer at `Simulation` construction ([D-227][d-227]) | [§10.2][s10-2] |
spec.md	11162	§10.2			A domain rate is not a framework default | [§10.2][s10-2] |
spec.md	11165	§10.4			| `localization_tol` | `1e-6` | the root-finder's relative bracket-width convergence test (`localization_tol · h`) | [§10.4][s10-4] |
spec.md	11166	§10.4			| `localization_budget` | `8` | the per-frame localization allowance | [§10.4][s10-4] |
spec.md	11167	§10.6			| `firing_budget` | `4` | the per-event, per-boundary firing allowance of the event iteration, an integer ≥ 1 | [§10.6][s10-6] |
spec.md	11185	§10.6			An event that exhausts `firing_budget` at a boundary loses its further edges there, under a `FiringBudget` warning ([§10.6][s10-6]).
spec.md	11363	§10.7			Paced and unpaced runs are bit-identical ([§10.7][s10-7]).
spec.md	11368	§10.7			| `pace` | `Inf` | the run's pacing rate; `Inf` is pacer-off, `1` real time | [§10.7][s10-7] |
spec.md	11369	§10.7			| `margin` | `0.002` | the single pacing knob, in seconds | [§10.7][s10-7] |
spec.md	11386	§10.7			The values `0`, 2 ms and `∞` span the design space ([§10.7][s10-7]).
spec.md	11628	§10.5			- **`RatesViolation`** ([§10.5][s10-5], [§8.7][s8-7]).
spec.md	11855	§10.4			- **`ChatteringBudget`** ([§10.4][s10-4]).
spec.md	11858	§10.6			- **`FiringBudget`** ([§10.6][s10-6]).
spec.md	11861	§10.7			- **`DebtReanchor`** ([§10.7][s10-7]).
spec.md	11962	§10.2			Not to be confused with the other contracts this spec names, each a distinct sense linked never or at its own anchor: the device authoring contract ([§11.6][s11-6]), the stepper seam's backend contract ([§10.2][s10-2]), the staging contract ([§11.7][s11-7]), the step-boundary contract ([§10.6][s10-6]) and the *derived contract* ([§D.1][sD-1] above).
spec.md	11963	§10.6			Not to be confused with the other contracts this spec names, each a distinct sense linked never or at its own anchor: the device authoring contract ([§11.6][s11-6]), the stepper seam's backend contract ([§10.2][s10-2]), the staging contract ([§11.7][s11-7]), the step-boundary contract ([§10.6][s10-6]) and the *derived contract* ([§D.1][sD-1] above).
spec.md	12011	§10			Bare `h` means the integration step size only ([§10][s10]).
spec.md	12025	§10.5			All are compiled to one `(D, Φ)` pair per discrete component ([§8.7][s8-7], [§10.5][s10-5]).
spec.md	12116	§10.4			There are three kinds: a component's workspace (`ws`, [§7.3][s7-3]); the integrator's buffers and the mid-step table ([§7.5][s7-5], [§10.4][s10-4]); and the store set a service invocation instantiates from the activation's layout and discards with the call ([§9.4][s9-4], [§14.8][s14-8]).
spec.md	12125	§10.3			Its consistency is a boundary property, and within a step it is transiently integrator scratch ([§4.1][s4-1], [§10.3][s10-3]).
spec.md	12196	§10.3			The boundary sweep restores table consistency, and the event phase re-runs whole boundary sweeps, against that boundary's fixed due set, until quiescence ([§5.3][s5-3], [§10.3][s10-3], [§10.5][s10-5], [§10.6][s10-6]).
spec.md	12197	§10.5			The boundary sweep restores table consistency, and the event phase re-runs whole boundary sweeps, against that boundary's fixed due set, until quiescence ([§5.3][s5-3], [§10.3][s10-3], [§10.5][s10-5], [§10.6][s10-6]).
spec.md	12197	§10.6			The boundary sweep restores table consistency, and the event phase re-runs whole boundary sweeps, against that boundary's fixed due set, until quiescence ([§5.3][s5-3], [§10.3][s10-3], [§10.5][s10-5], [§10.6][s10-6]).
spec.md	12205	§10.5			Anchors join the deployment constraint pool, and relative declarations below one compose against it exactly as against the root grid ([§10.5][s10-5], [§9.2][s9-2]).
spec.md	12207	§10.6			<a id="g-boundary"></a>**boundary** — a published consistency point, where the [§10.6][s10-6] macro-sequence completes and a snapshot goes out.
spec.md	12210	§10.4			Every grid point is a boundary, but `t*` and boundary zero are boundaries that are not frame tops ([§10.4][s10-4]).
spec.md	12222	§10.4			The policy is exact, not approximate, for guards over `u`/`m` alone, because those predicates are piecewise frame-constant ([§10.4][s10-4]).
spec.md	12229	§10.4			Localization stops for the rest of the frame, and further crossings fire at the next boundary, under a `ChatteringBudget` warning naming the event ([§10.4][s10-4]).
spec.md	12235	§10.5			Every discrete component's period is an integer multiple of it ([§10.5][s10-5], [§9.2][s9-2]).
spec.md	12244	§10.5			It is the components whose gate admits the tick index at a tick frame top, empty at an off-tick frame top and at `t*`, and the `Φ = 0` set at boundary zero ([§10.5][s10-5], [§10.6][s10-6]).
spec.md	12244	§10.6			It is the components whose gate admits the tick index at a tick frame top, empty at an off-tick frame top and at `t*`, and the `Φ = 0` set at boundary zero ([§10.5][s10-5], [§10.6][s10-6]).
spec.md	12249	§10.6			The opposite crossing direction is declared as a second event with the negated guard ([§2.1][s2-1], [§10.6][s10-6]).
spec.md	12257	§10.6			Exhaustion drops its further edges there under a `FiringBudget` warning ([§10.6][s10-6]).
spec.md	12263	§10.4			Its return type declares its detection policy: `Bool` is boundary-detected, the nominal scalar is localized ([§10.4][s10-4], [§8.2][s8-2]).
spec.md	12269	§10.5			Grid times are indexed from the frame count, never accumulated ([§10.5][s10-5], [§10.4][s10-4]).
spec.md	12269	§10.4			Grid times are indexed from the frame count, never accumulated ([§10.5][s10-5], [§10.4][s10-4]).
spec.md	12280	§10.4			An epoch-caused edge has no in-frame crossing, so the localization is discarded and the event fires in the boundary's ordinary iteration, with no budget spent and no warning ([§10.4][s10-4]).
spec.md	12286	§10.4			It is built only after the θ = 0 validation confirms an in-frame crossing, and invalidated at `t*`, where the handlers have made it a lie ([§10.4][s10-4]).
spec.md	12293	§10.7			It runs identically paced or unpaced ([§10.7][s10-7], [§10.4][s10-4]).
spec.md	12293	§10.4			It runs identically paced or unpaced ([§10.7][s10-7], [§10.4][s10-4]).
spec.md	12298	§10.7			Excess debt is forgiven by re-anchor plus warning ([§10.7][s10-7]).
spec.md	12304	§10.5			The boundary gate is `(tick − Φ) % D == 0`, and a phase shifts firing instants, never the period ([§10.5][s10-5]).
spec.md	12319	§10.6			Boundary zero establishes every prior as not-holding ([§10.6][s10-6]).
spec.md	12323	§10.6			After that the priors are updated and due `s_update` calls run ([§10.6][s10-6]).
spec.md	12327	§10.4			Guards are re-checked on it under the localization budget ([§10.4][s10-4]).
spec.md	12335	§10.5			It is the single source of truth for `Δt` and the substrate of the grid diagnostics and the hyperperiod chart ([§9.2][s9-2], [§10.5][s10-5], [D-261][d-261]).
spec.md	12347	§10.4			A full boundary runs there, but no ticks are due and no staged inputs are drained ([§10.4][s10-4]).
spec.md	12352	§10.5			Different boundaries therefore run different subsets of the execution order ([§10.5][s10-5]).
spec.md	12357	§10.5			An off-tick frame top and a `t*` boundary have none ([§10.5][s10-5]).
spec.md	12369	§10.5			The counterpart of a *state event*, which must instead be detected ([§2.1][s2-1], [§10.5][s10-5]).
spec.md	12576	§10.7			It holds the pacer diagnostics ([§10.7][s10-7]) plus, per writer, this boundary's drained diagnostics (`recent`), the counts the ring refused (`suppressed`), the loop's cumulative per-writer × per-kind counters copied in (`totals`) and the liveness timestamp ([§11.8][s11-8], [§11.2][s11-2]).
spec.md	12967	§10.2			<a id="g-seam"></a>**seam** — a narrow, named interface kept deliberately thin so what sits behind it can be replaced or measured: the stepper seam ([§10.2][s10-2]), the backend seam ([§14.8][s14-8]), the measurement seam ([§9.7][s9-7]), the phase-body seams of the compiled executor ([§9.7][s9-7]).
decisions.md	577	§10.6	D-016	Spec	**Spec.** [§4.2][s4-2], [§5.3][s5-3], [§7.4][s7-4], [§10.6][s10-6], [§8.3][s8-3], [Appendix D][sD]
decisions.md	606	§10.1	D-017	Spec	**Spec.** [§10.1][s10-1], [§10.2][s10-2]
decisions.md	606	§10.2	D-017	Spec	**Spec.** [§10.1][s10-1], [§10.2][s10-2]
decisions.md	638	§10.6	D-018	Position	**Position.** Tier-2 localization: lazy cubic Hermite dense output + bracketed derivative-free root-finding (ITP/Brent) on guard probes that run the sweep; post-event interpolant invalidation + remainder step + bounded event budget whose exhaustion *degrades* — localization off for the rest of the frame, further crossings firing at Tier-1 granularity in the next boundary's iteration, with a chattering warning; trajectory-determined, never wall-clock ([D-080][d-080] intact), and never a `StepError`; probes evaluate the raw interpolated state (off-manifold like RK stages), projection running at the `t*` boundary where [§10.6][s10-6]'s edge checks read it — a projection that undoes the crossing costs one extra harmless boundary.
decisions.md	641	§10.4	D-018	Spec	**Spec.** [§10.4][s10-4], [§10.6][s10-6]
decisions.md	641	§10.6	D-018	Spec	**Spec.** [§10.4][s10-4], [§10.6][s10-6]
decisions.md	664	§10.5	D-019	Spec	**Spec.** [§5.4][s5-4], [§10.5][s10-5]
decisions.md	701	§10.6	D-020	Spec	**Spec.** [§2.2][s2-2], [§3.1][s3-1], [§10.6][s10-6]
decisions.md	725	§10.7	D-021	Spec	**Spec.** [§10.7][s10-7]
decisions.md	770	§10.3	D-023	Spec	**Spec.** [§10.3][s10-3], [§11.2][s11-2]
decisions.md	779	§10.3	D-023	Rejected	- *Mid-step publication:* see [§10.3][s10-3].
decisions.md	1854	§10.6	D-067	Position	**Position.** Boundary zero is the [§10.6][s10-6] macro-sequence run with an empty integrate: project → sweep (every tick due; discrete stages publish from the authored `z`) → events to quiescence → due `g` updates → header capture + first snapshot.
decisions.md	1870	§10.6	D-067	Spec	**Spec.** [§10.6][s10-6], [§14.5][s14-5], [§5.3][s5-3], [§3.4][s3-4], [§8.6][s8-6]
decisions.md	1881	§10.6	D-067	Rejected	- *Update before the sweep or republish-from-`z⁺`:* stale-table sampling or Mealy update-feedthrough: same-boundary circularity, kills [§10.6][s10-6]'s structural termination.
decisions.md	1985	§10.2	D-070	Rejected	- *External NLS packages:* heavy dep for ~100 lines; [§10.2][s10-2] stepper precedent; per-residual tolerance test not natively spelled.
decisions.md	2125	§10.1	D-074	Rejected	- *Keyword arguments via `Base.kwarg_decl` reflection:* a relied-on seam on an internal binding — the [§10.1][s10-1] `task_local_storage` lesson.
decisions.md	2309	§10.7	D-080	Position	**Position.** Tier-2 detection is pace-independent: localization runs identically in every execution mode, its sweep cost absorbed as [§10.7][s10-7] pacer debt like any other expensive frame.
decisions.md	2312	§10.4	D-080	Spec	**Spec.** [§10.4][s10-4], [§10.7][s10-7]
decisions.md	2312	§10.7	D-080	Spec	**Spec.** [§10.4][s10-4], [§10.7][s10-7]
decisions.md	2319	§10.7	D-080	Rejected	- *Superseded position — degrade to Tier-1 under real-time pacing (earlier design of record):* reversed because it moves `t*` and diverges paced from unpaced trajectories, violating [§10.7][s10-7]'s bit-identical invariant; the "blowing the frame budget" worry it answered is dissolved by absolute deadlines + debt accounting.
decisions.md	2331	§10.6	D-081	Spec	**Spec.** [§10.6][s10-6], [§12.3][s12-3]
decisions.md	2333	§10.6	D-081	Rationale	**Rationale.** At `t*` the full [§10.6][s10-6] iteration runs with once-per-event scoped per boundary, snapshot published, [§12.3][s12-3] boundary counter incremented, `stop_on` checked (a crash localized at `t*` ends the run from that snapshot; boundary zero likewise checked before the first step); ticks never due at `t*`, staged inputs not drained, publication not separately paced; replay pointers = monotonic boundary counter + recorded `t`, trace stays frame-indexed.
decisions.md	2345	§10.7	D-081	Rejected	- *Per-`t*` pacing:* wall placement below pacer resolution; the [§10.7][s10-7] invariant concerns trajectories.
decisions.md	2500	§10.1	D-086	Rejected	- *Type-erased call tables (`FunctionWrapper`-style):* same specialization count as chunk-of-one with extra machinery, no cross-entry inlining/SROA, a relied-on seam on internal ABI — the [§10.1][s10-1] lesson.
decisions.md	2583	§10.6	D-089	Rejected	- *Reset-in-`g`-only as the idiom:* publishes the stale command at the engagement tick — the bump bumpless transfer removes; [§10.6][s10-6]'s `z⁻¹` discipline makes the output stage the only same-tick path, [D-067][d-067].
decisions.md	2695	§10.4	D-094	Spec	**Spec.** [§7.1][s7-1], [§10.4][s10-4], [§14.3][s14-3]
decisions.md	2700	§10.4	D-094	Rationale	**Rationale.** Views therefore materialize by ordinary invariant-free construction (bit-faithful round trip, no constructor bypass, no layout-coincidence machinery in the executor), `Ẋ` has `X`'s shape at `T`, and off-manifold state is visible to [§10.4][s10-4]'s probes by construction; domain semantics are explicit casts at the point of use (`RQuat(x.q, normalization = false)` — today's `f_ode!`-over-raw-views pattern made immutable); invariants live in `project` and on the write paths (condition apply's baked converts [§14.3][s14-3], `capture`'s gather, handlers' own constructors).
decisions.md	2716	§10.4	D-094	Rejected	- *Invariant-carrying leaves with constructors run on read:* `reconstruct(flatten(x)) ≠ x`: every consumer sees a silently projected value over a runaway buffer — a clamped `Ranged` hiding its own divergence — `project` view-redundant yet buffer-necessary, [§10.4][s10-4]'s off-manifold probes impossible.
decisions.md	2875	§10.6	D-100	Spec	**Spec.** [§5.3][s5-3], [§10.6][s10-6], [§11.2][s11-2], [§13.4][s13-4]
decisions.md	2888	§10.6	D-100	Rejected	- *Live-table reads under the canonical order:* deterministic, but trajectories then depend on the executor's schedule order — a rewiring that permutes it silently changes model semantics, the structure-the-framework-inserts class [§10.6][s10-6] rejects.
decisions.md	3345	§10.4	D-114	Position	**Position.** Snapshot/counter publication order and the counter's home: the boundary index is carried *in* the snapshot (with `t`) — what [§10.4][s10-4]/[§13.4][s13-4]'s boundary indexing from retained snapshots presupposes — and additionally mirrored in the loop state the wait predicate tests; publication order is normative: the release-store of `latest` happens before the counter increment under the lock, so `counter > last_seen` implies `latest` holds at least that boundary; waking onto a newer snapshot than the increment that woke the waiter is expected — newest-wins.
decisions.md	3353	§10.4	D-114	Spec	**Spec.** [§10.4][s10-4], [§12.3][s12-3], [§13.4][s13-4]
decisions.md	3363	§10.4	D-114	Rejected	- *Counter as loop state only:* unreachable from a retained snapshot — breaks [§10.4][s10-4]/[§13.4][s13-4]'s counter-plus-recorded-`t` boundary indexing.
decisions.md	3426	§10.3	D-116	Rejected	- *A no-publish advance mode on `step!`:* forks execution semantics for CI's benefit and breaks [§10.3][s10-3]'s publication-after-every-boundary property.
decisions.md	3562	§10.4	D-121	Spec	**Spec.** [§2.1][s2-1], [§4.1][s4-1], [§5.2][s5-2], [§7.1][s7-1], [§7.3][s7-3], [§10.4][s10-4], [§10.5][s10-5], [§11.7][s11-7], [§13.6][s13-6], [§14.3][s14-3], [Appendix A][sA], [Appendix B][sB]
decisions.md	3562	§10.5	D-121	Spec	**Spec.** [§2.1][s2-1], [§4.1][s4-1], [§5.2][s5-2], [§7.1][s7-1], [§7.3][s7-3], [§10.4][s10-4], [§10.5][s10-5], [§11.7][s11-7], [§13.6][s13-6], [§14.3][s14-3], [Appendix A][sA], [Appendix B][sB]
decisions.md	3800	§10.4	D-128	Spec	**Spec.** [§10.4][s10-4], [§12.6][s12-6], [§12.7][s12-7], [§13.4][s13-4], [Appendix C][sC]
decisions.md	3802	§10.4	D-128	Rationale	**Rationale.** The boundary counter stays the reporting index ([§10.4][s10-4]'s counter/frame-ordinal separation intact).
decisions.md	3991	§10.4	D-133	Position	The two **semantic** ones become deployment parameters — `Simulation` keywords beside `h`, `n` and the algorithm: `localization_tol`, a *relative* bracket-width convergence test for [§10.4][s10-4]'s root-finder (localization converges when the bracket is narrower than `localization_tol · h`), default `1e-6`; `event_budget`, the per-frame localization allowance, default 8 — validated with their siblings into `DeploymentInvalid` (positive tolerance, integer budget ≥ 1) but grid-independent, hence outside [§10.5][s10-5]'s harmonic-grid check, and **recorded** in the trace header's deployment block, which takes replay's compared set from four to six ([§12.7][s12-7]).
decisions.md	3996	§10.5	D-133	Position	The two **semantic** ones become deployment parameters — `Simulation` keywords beside `h`, `n` and the algorithm: `localization_tol`, a *relative* bracket-width convergence test for [§10.4][s10-4]'s root-finder (localization converges when the bracket is narrower than `localization_tol · h`), default `1e-6`; `event_budget`, the per-frame localization allowance, default 8 — validated with their siblings into `DeploymentInvalid` (positive tolerance, integer budget ≥ 1) but grid-independent, hence outside [§10.5][s10-5]'s harmonic-grid check, and **recorded** in the trace header's deployment block, which takes replay's compared set from four to six ([§12.7][s12-7]).
decisions.md	4000	§10.7	D-133	Position	The four **operational** ones get spec-fixed defaults in their owning sections and no user knobs: shutdown join timeout 5 s ([§12.4][s12-4](5)); debt forgiveness at five frames' worth of budget, `5·h/p` ([§10.7][s10-7], replacing "a few frames' worth"); heartbeat staleness 2 s ([§12.2][s12-2]); `margin` = 2 ms ([§10.7][s10-7]'s own arithmetic), replacing [Appendix B][sB]'s `margin = <default>` placeholder.
decisions.md	4001	§10.7	D-133	Position	The four **operational** ones get spec-fixed defaults in their owning sections and no user knobs: shutdown join timeout 5 s ([§12.4][s12-4](5)); debt forgiveness at five frames' worth of budget, `5·h/p` ([§10.7][s10-7], replacing "a few frames' worth"); heartbeat staleness 2 s ([§12.2][s12-2]); `margin` = 2 ms ([§10.7][s10-7]'s own arithmetic), replacing [Appendix B][sB]'s `margin = <default>` placeholder.
decisions.md	4010	§10.4	D-133	Spec	**Spec.** [§10.4][s10-4], [§10.5][s10-5], [§10.7][s10-7], [§11.5][s11-5], [§12.2][s12-2], [§12.4][s12-4], [§12.4][s12-4](1), [§12.4][s12-4](5), [§12.6][s12-6], [§12.7][s12-7], [§9.2][s9-2], [§13.2][s13-2], [§13.5][s13-5], [Appendix B][sB], [Appendix C][sC], [Appendix D][sD]
decisions.md	4010	§10.5	D-133	Spec	**Spec.** [§10.4][s10-4], [§10.5][s10-5], [§10.7][s10-7], [§11.5][s11-5], [§12.2][s12-2], [§12.4][s12-4], [§12.4][s12-4](1), [§12.4][s12-4](5), [§12.6][s12-6], [§12.7][s12-7], [§9.2][s9-2], [§13.2][s13-2], [§13.5][s13-5], [Appendix B][sB], [Appendix C][sC], [Appendix D][sD]
decisions.md	4010	§10.7	D-133	Spec	**Spec.** [§10.4][s10-4], [§10.5][s10-5], [§10.7][s10-7], [§11.5][s11-5], [§12.2][s12-2], [§12.4][s12-4], [§12.4][s12-4](1), [§12.4][s12-4](5), [§12.6][s12-6], [§12.7][s12-7], [§9.2][s9-2], [§13.2][s13-2], [§13.5][s13-5], [Appendix B][sB], [Appendix C][sC], [Appendix D][sD]
decisions.md	4018	§10.4	D-133	Rationale	**Rationale.** Semantic constants: `event_budget`'s default 8 covers a legitimate multi-event frame — three landing-gear struts touching down inside one step — needs three or four, chattering needs tens, so 8 bounds the pathology without ever binding on a healthy model; they are trajectory-determining in exactly the sense `h` and the algorithm are, and [§10.4][s10-4]'s "the run replays identically" is an empty promise unless what the localizer was told is recorded.
decisions.md	4039	§10.4	D-133	Rejected	- *Leaving the two semantic constants as implementation constants:* silently breaks [§10.4][s10-4]'s replays-identically promise — a trajectory-determining fact must be deployed and recorded, not buried in the localizer.
decisions.md	4042	§10.7	D-133	Rejected	- *User knobs for the operational four:* ownership was the gap, not configurability — and [§10.7][s10-7] already settled `margin` as the single pacing knob, so a second wall-clock knob reopens a closed decision.
decisions.md	4050	§10.4	D-133	Rejected	- *A short final step landing exactly on `t_end`:* grid integrity `tₖ = t₀ + k·h` forbids it, [§10.4][s10-4] — the bookkeeping hazard that rule kills.
decisions.md	4178	§10.7	D-136	Spec	**Spec.** [§7.5][s7-5], [§10.7][s10-7], [§11.1][s11-1], [§11.2][s11-2], [§11.4][s11-4], [§11.6][s11-6], [§11.8][s11-8], [§12.2][s12-2], [§12.4][s12-4], [§13.2][s13-2], [§13.5][s13-5], Appendices C/D
decisions.md	4194	§10.7	D-136	Rationale	The published **framework status becomes a concrete frozen value**: per writer `recent` (this boundary's drained ring), `suppressed` (the per-kind counts the ring refused this boundary), `totals` (loop-owned cumulative per-writer × per-kind counters, *copied* into each status) and `heartbeat`, beside [§10.7][s10-7]'s pacer diagnostics — [§11.2][s11-2]'s binding rule holding **by construction**, since the swap gives the loop exclusive ownership of the batch before publication and the live accumulator is never reachable from a snapshot.
decisions.md	4249	§10.7	D-137	Spec	**Spec.** [§4.1][s4-1], [§4.4][s4-4], [§7.5][s7-5], [§10.7][s10-7], [§11.2][s11-2], [§11.5][s11-5], [§11.8][s11-8], [§12.4][s12-4], [§12.7][s12-7], [§13.5][s13-5], Appendices B/D
decisions.md	4278	§10.7	D-137	Rationale	Amortization is a responsiveness choice: a one-shot halving would make ~`log_max/2` *old-generation* snapshots unreachable at a stroke, a major-GC burst worth a pacer-absorbed, `DebtReanchor`-visible hiccup ([§10.7][s10-7]) — exponentially rare, the wall-clock gap between generations doubling, but needless — while the amortized form drops exactly one old snapshot per retained append, the steady trickle a rolling window would produce anyway; the loop's own work is pointer bookkeeping, microseconds either way and on the framework side of [§7.5][s7-5]'s scope, publication staying wait-free with readers never blocking.
decisions.md	4556	§10.6	D-141	Spec	**Spec.** [§2.1][s2-1], [§3.1][s3-1], [§3.3][s3-3], [§10.6][s10-6], [§8.5][s8-5], [§13.7][s13-7], [§5.3][s5-3], [Appendix A][sA]
decisions.md	4565	§10.6	D-141	Rationale	No stale-output hazard rides along: [§10.6][s10-6] re-sweeps outputs to quiescence after handlers, so a continuous edge-reset is same-boundary by construction.
decisions.md	4935	§10.5	D-147	Position	The boundary sweep walks the full list, with discrete entries gated by counter modulo against the boundary's tick index — the pre-existing [§10.5][s10-5] mechanism, now explicitly scoped to boundaries, the only place anything discrete ever happens ([§10.6][s10-6]'s macro-sequence is its sole caller).
decisions.md	4936	§10.6	D-147	Position	The boundary sweep walks the full list, with discrete entries gated by counter modulo against the boundary's tick index — the pre-existing [§10.5][s10-5] mechanism, now explicitly scoped to boundaries, the only place anything discrete ever happens ([§10.6][s10-6]'s macro-sequence is its sole caller).
decisions.md	4956	§10.3	D-147	Spec	**Spec.** [§5.3][s5-3], [§10.3][s10-3], [§10.4][s10-4], [§10.5][s10-5], [§10.6][s10-6], [§9.7][s9-7], [§14.5][s14-5], [Appendix D][sD]
decisions.md	4956	§10.4	D-147	Spec	**Spec.** [§5.3][s5-3], [§10.3][s10-3], [§10.4][s10-4], [§10.5][s10-5], [§10.6][s10-6], [§9.7][s9-7], [§14.5][s14-5], [Appendix D][sD]
decisions.md	4956	§10.5	D-147	Spec	**Spec.** [§5.3][s5-3], [§10.3][s10-3], [§10.4][s10-4], [§10.5][s10-5], [§10.6][s10-6], [§9.7][s9-7], [§14.5][s14-5], [Appendix D][sD]
decisions.md	4956	§10.6	D-147	Spec	**Spec.** [§5.3][s5-3], [§10.3][s10-3], [§10.4][s10-4], [§10.5][s10-5], [§10.6][s10-6], [§9.7][s9-7], [§14.5][s14-5], [Appendix D][sD]
decisions.md	4970	§10.5	D-147	Rejected	- *Superseded position — counter-modulo gating as the sole mechanism (the prior single-mechanism reading, and the finding):* at divisor 1 — the common `n = K = 1` configuration — the test admits every discrete entry at every evaluation, so an `h_zu` re-runs against interpolated `u` at each interior RK stage and at every localization probe, and the `f` reading its cell integrates a continuously re-sampled controller — precisely the un-sampling [§10.5][s10-5]'s own rejected alternative names, and undiagnosable: such a run is as type-stable, allocation-free and bit-reproducible against itself as the correct one, so a C172X at `h = 0.02, n = 1` under a 50 Hz FCS simply flies a different trajectory with nothing anywhere to flag it.
decisions.md	5190	§10.6	D-152	Spec	**Spec.** [§5.3][s5-3], [§10.6][s10-6]
decisions.md	5217	§10.6	D-153	Spec	**Spec.** [§10.6][s10-6], [§11.7][s11-7], [§11.8][s11-8], [Appendix C][sC]
decisions.md	5257	§10.6	D-154	Spec	**Spec.** [§5.3][s5-3], [§10.6][s10-6]
decisions.md	5277	§10.6	D-154	Rejected	- *Live-table reads under canonical order:* [§10.6][s10-6]'s standing rejection — executor order becomes semantics.
decisions.md	5324	§10.1	D-156	Position	Empty continuous block: integrate degenerates to advancing `t` to the next boundary — **the stepper seam is never invoked with a zero-length buffer**, no backend faces N = 0, completing [§10.1][s10-1]'s removal of the dummy-`[0.0]` tax structurally.
decisions.md	5330	§10.1	D-156	Spec	**Spec.** [§10.1][s10-1], [§10.2][s10-2], [§9.7][s9-7], [§14.8][s14-8]
decisions.md	5330	§10.2	D-156	Spec	**Spec.** [§10.1][s10-1], [§10.2][s10-2], [§9.7][s9-7], [§14.8][s14-8]
decisions.md	6297	§10.4	D-179	Spec	**Spec.** [§2.1][s2-1], [§10.4][s10-4], [§8.1][s8-1], [§9.3][s9-3], [§9.5][s9-5]
decisions.md	6353	§10.4	D-181	Spec	**Spec.** [§10.4][s10-4], [§10.6][s10-6]
decisions.md	6353	§10.6	D-181	Spec	**Spec.** [§10.4][s10-4], [§10.6][s10-6]
decisions.md	6362	§10.4	D-181	Rationale	**Rationale.** Priors are always honest quiescent samples (manufactured-prior exception, re-arm flag and `EventDeferred` retired; registers = prior + last-observed + firing count); a re-enabled event fires at its true boundary against a fresh sweep (no one-step h-artifact); exhaustion loses that event's further edges for the boundary under a `FiringBudget` warning naming the chatterer — degrades, never errors; termination budget-bounded (≤ budget·events) instead of structural; rescues [D-020][d-020]'s rejected rounds-cap in repaired form (per-event, degrade-not-error — the [§10.4][s10-4] doctrine that postdates the rejection); `event_budget` renamed `localization_budget` (a second budget made the name ambiguous; semantics unchanged).
decisions.md	6393	§10.6	D-182	Spec	**Spec.** [§10.6][s10-6], [§8.1][s8-1]
decisions.md	6412	§10.6	D-182	Rejected	- *Frozen-`u` probes:* a sweep has one `u`; two-epoch bundles are [§10.6][s10-6]'s rejected two-freshness-classes shape.
decisions.md	6491	§10.5	D-185	Spec	**Spec.** [§10.5][s10-5], [§8.7][s8-7], [§9.1][s9-1], [§9.7][s9-7], [§13.1][s13-1], [§14.5][s14-5], [§14.8][s14-8]
decisions.md	6542	§10.5	D-186	Spec	**Spec.** [§10.5][s10-5], [§9.1][s9-1], [§9.2][s9-2], [Appendix B][sB]
decisions.md	6573	§10.5	D-186	Rejected	- *Root-only absolute declaration (the superseded [§10.5][s10-5] clause):* right about deployment preferences, wrong for device-intrinsic rates; kept only as the default-form rationale.
decisions.md	6705	§10.6	D-191	Spec	**Spec.** [§10.6][s10-6]
decisions.md	6709	§10.6	D-191	Rationale	**Rationale.** Prior honesty is preserved for free — the quiescent round fires nothing, hence blocks nothing, so every sample takes its final update and [§10.6][s10-6]'s unconditional prior update stands; firing counts untouched (they track firings, not eligibility); the restored round-loop sketch carries the corrected update line.
decisions.md	6836	§10.5	D-194	Rationale	What [D-165][d-165] could not see, and the kernel prototype's increment-3 design work surfaced, is where the SSA hand-off lands: the one-hop pairs span phase bodies, so `w` must thread through the [§9.7][s9-7] roster's call signatures and every chunk seam between producer and consumer, round fusion hardens from optimization into obligation, and under [§10.5][s10-5]'s gating a not-due producer forces `Union`-shaped slots into the boundary walk's collections.
decisions.md	7071	§10.3	D-201	Rejected	- *A post-tail terminal publication carrying the residue:* publication follows a boundary sequence ([§10.3][s10-3], [§11.2][s11-2]); a snapshot no boundary produced would be a second kind of published value, bought for a warning.
decisions.md	7249	§10.5	D-205	Spec	**Spec.** [§10.5][s10-5], [§14.5][s14-5], [§14.8][s14-8]
decisions.md	7257	§10.5	D-205	Rationale	The residue leaked exactly the values [§14.6][s14-6]'s barrier keeps out of the running world — a fabricated probe input is a fine shape exercise and a terrible flight condition — and [§10.5][s10-5]'s content defense ("what a tick at `t₀⁻` would have produced") held only in the build's own world, the probe running before any condition exists.
decisions.md	7921	§10.4	D-220	Spec	**Spec.** [§2.1][s2-1], [§3.2][s3-2], [§4.3][s4-3], [§4.4][s4-4], [§5.2][s5-2], [§5.3][s5-3], [§5.4][s5-4], [§6.2][s6-2], [§7.1][s7-1], [§7.3][s7-3], [§7.4][s7-4], [§7.5][s7-5], [§8.1][s8-1], [§8.2][s8-2], [§8.5][s8-5], [§9.3][s9-3], [§9.4][s9-4], [§9.5][s9-5], [§9.7][s9-7], [§10.4][s10-4], [§10.5][s10-5], [§10.6][s10-6], [§12.5][s12-5], [§13.4][s13-4], [§13.5][s13-5], [§13.6][s13-6], [§13.7][s13-7], [§14.5][s14-5], [§14.7][s14-7], [§14.8][s14-8], [§14.10][s14-10], [§3.4][s3-4], [§8.6][s8-6], [Appendix A][sA], [Appendix B][sB], [Appendix C][sC], [Appendix D][sD]
decisions.md	7921	§10.5	D-220	Spec	**Spec.** [§2.1][s2-1], [§3.2][s3-2], [§4.3][s4-3], [§4.4][s4-4], [§5.2][s5-2], [§5.3][s5-3], [§5.4][s5-4], [§6.2][s6-2], [§7.1][s7-1], [§7.3][s7-3], [§7.4][s7-4], [§7.5][s7-5], [§8.1][s8-1], [§8.2][s8-2], [§8.5][s8-5], [§9.3][s9-3], [§9.4][s9-4], [§9.5][s9-5], [§9.7][s9-7], [§10.4][s10-4], [§10.5][s10-5], [§10.6][s10-6], [§12.5][s12-5], [§13.4][s13-4], [§13.5][s13-5], [§13.6][s13-6], [§13.7][s13-7], [§14.5][s14-5], [§14.7][s14-7], [§14.8][s14-8], [§14.10][s14-10], [§3.4][s3-4], [§8.6][s8-6], [Appendix A][sA], [Appendix B][sB], [Appendix C][sC], [Appendix D][sD]
decisions.md	7921	§10.6	D-220	Spec	**Spec.** [§2.1][s2-1], [§3.2][s3-2], [§4.3][s4-3], [§4.4][s4-4], [§5.2][s5-2], [§5.3][s5-3], [§5.4][s5-4], [§6.2][s6-2], [§7.1][s7-1], [§7.3][s7-3], [§7.4][s7-4], [§7.5][s7-5], [§8.1][s8-1], [§8.2][s8-2], [§8.5][s8-5], [§9.3][s9-3], [§9.4][s9-4], [§9.5][s9-5], [§9.7][s9-7], [§10.4][s10-4], [§10.5][s10-5], [§10.6][s10-6], [§12.5][s12-5], [§13.4][s13-4], [§13.5][s13-5], [§13.6][s13-6], [§13.7][s13-7], [§14.5][s14-5], [§14.7][s14-7], [§14.8][s14-8], [§14.10][s14-10], [§3.4][s3-4], [§8.6][s8-6], [Appendix A][sA], [Appendix B][sB], [Appendix C][sC], [Appendix D][sD]
decisions.md	8248	§10.2	D-227	Spec	**Spec.** [§9.2][s9-2], [§10.2][s10-2], [§11.5][s11-5], [Appendix B][sB], [Appendix C][sC]
decisions.md	8259	§10.2	D-227	Rationale	The instance form pays off only for a parametrized backend, which [§10.2][s10-2] defers under the guarded-additions rule, and admitting one later is an extension by dispatch on the keyword's value, never a break.
decisions.md	8365	§10.4	D-229	Rejected	- *Deployment fail-fast under the service policy:* [§9.2][s9-2] and [§10.4][s10-4] both spell deployment validation collected, the keyword pass already collects, and the dependency rule covers the dependent `bind_schedule` arms without a new concept.
decisions.md	8380	§10.4	D-230	Spec	**Spec.** [§10.4][s10-4], [§12.3][s12-3], [§12.6][s12-6]
decisions.md	8393	§10.4	D-230	Rationale	The replay pointer of [§13.4][s13-4] is a third index, the frame-entry boundary index, a frame count that can name no `t*` boundary; [§10.4][s10-4] and [§12.3][s12-3] had called it the counter and now name it as what it is.
decisions.md	8522	§10.5	D-234	Spec	**Spec.** [§9.2][s9-2], [§10.5][s10-5], [Appendix B][sB], [Appendix D][sD]
decisions.md	8880	§10.5	D-242	Spec	**Spec.** [§8.1][s8-1], [§8.2][s8-2], [§10.5][s10-5], [§11.2][s11-2], [§11.3][s11-3], [§11.5][s11-5], [§12.6][s12-6], [§12.7][s12-7], [§13.2][s13-2], [§13.3][s13-3], [§13.5][s13-5], [§14.4][s14-4], [§14.8][s14-8], [§3.4][s3-4], [§8.6][s8-6], [Appendix A][sA], [§D.10][sD-10]
decisions.md	9387	§10.6	D-252	Spec	**Spec.** [§5.2][s5-2], [§5.3][s5-3], [§7.5][s7-5], [§8.3][s8-3], [§9.1][s9-1], [§9.3][s9-3], [§10.6][s10-6], [§13.2][s13-2], [Appendix B][sB], Appendix C, [Appendix D][sD]
decisions.md	9515	§10.5	D-254	Spec	**Spec.** [§9.2][s9-2], [§10.5][s10-5], [§11.5][s11-5], [§12.7][s12-7], [Appendix C][sC]
decisions.md	9733	§10.5	D-258	Spec	**Spec.** [§5.1][s5-1], [§5.3][s5-3], [§9.1][s9-1], [§9.2][s9-2], [§10.5][s10-5], [Appendix D][sD]
decisions.md	9739	§10.5	D-258	Rationale	The tick table keeps "schedule" because that is what the word means in the multi-rate literature and in [§10.5][s10-5].
decisions.md	10472	§10.5	D-267	Spec	**Spec.** [§3.4][s3-4], [§4.1][s4-1], [§4.3][s4-3], [§4.4][s4-4], [§5.2][s5-2], [§5.3][s5-3], [§5.4][s5-4], [§6.2][s6-2], [§7.1][s7-1], [§7.2][s7-2], [§7.3][s7-3], [§7.4][s7-4], [§7.5][s7-5], [§8.1][s8-1], [§8.2][s8-2], [§8.3][s8-3], [§8.4][s8-4], [§8.5][s8-5], [§8.6][s8-6], [§8.8][s8-8], [§9.1][s9-1], [§9.3][s9-3], [§9.4][s9-4], [§9.5][s9-5], [§9.7][s9-7], [§10.5][s10-5], [§10.6][s10-6], [§11.2][s11-2], [§11.3][s11-3], [§12.5][s12-5], [§13.1][s13-1], [§13.3][s13-3], [§13.4][s13-4], [§13.5][s13-5], [§13.7][s13-7], [§14.3][s14-3], [§14.4][s14-4], [§14.5][s14-5], [§14.7][s14-7], [§14.8][s14-8], [§14.10][s14-10], [Appendix A][sA], [Appendix B][sB], [Appendix C][sC], [Appendix D][sD]
decisions.md	10472	§10.6	D-267	Spec	**Spec.** [§3.4][s3-4], [§4.1][s4-1], [§4.3][s4-3], [§4.4][s4-4], [§5.2][s5-2], [§5.3][s5-3], [§5.4][s5-4], [§6.2][s6-2], [§7.1][s7-1], [§7.2][s7-2], [§7.3][s7-3], [§7.4][s7-4], [§7.5][s7-5], [§8.1][s8-1], [§8.2][s8-2], [§8.3][s8-3], [§8.4][s8-4], [§8.5][s8-5], [§8.6][s8-6], [§8.8][s8-8], [§9.1][s9-1], [§9.3][s9-3], [§9.4][s9-4], [§9.5][s9-5], [§9.7][s9-7], [§10.5][s10-5], [§10.6][s10-6], [§11.2][s11-2], [§11.3][s11-3], [§12.5][s12-5], [§13.1][s13-1], [§13.3][s13-3], [§13.4][s13-4], [§13.5][s13-5], [§13.7][s13-7], [§14.3][s14-3], [§14.4][s14-4], [§14.5][s14-5], [§14.7][s14-7], [§14.8][s14-8], [§14.10][s14-10], [Appendix A][sA], [Appendix B][sB], [Appendix C][sC], [Appendix D][sD]
decisions.md	10690	§10.7	D-269	Position	**Position.** [§10.7][s10-7]'s pacer is built under six rulings the text left open.
decisions.md	10711	§10.7	D-269	Spec	**Spec.** [§10.7][s10-7], [§12.1][s12-1], [§12.6][s12-6], [§12.7][s12-7], [Appendix B][sB], [Appendix C][sC]
decisions.md	10721	§10.7	D-269	Rationale	`step!` stays unpaced because a stepping session is the harness mode ([§12.6][s12-6]) and the trajectory is pace-independent by [§10.7][s10-7]'s invariant, so a pace there would change when a test runs and nothing it asserts.
decisions.md	10747	§10.7	D-269	Rationale	The record's fields make [Appendix C][sC]'s row and [§10.7][s10-7]'s "overrun count, current and peak debt, forgiven-debt events and wait statistics" concrete, replacing a pointer at FlightCore's `SimControl` with nothing behind it here.
decisions.md	10751	§10.7	D-269	Rationale	Measured at the tip, `sleep(0.002)` overshoots by 1.41 ms median on the dev machine, the figure [§10.7][s10-7] records, so the 2 ms default stands.
decisions.md	10775	§10.7	D-269	Annotation	And `overruns` counts the frames whose own wall time exceeded the budget, read as the frames at which the debt grew, so a frame that merely repays debt is not an overrun, which is the definition [§10.7][s10-7] states.
decisions.md	11013	§10.6	D-273	Position	- The due `s_update` calls keep running at the end of their own boundary, after quiescence ([§10.6][s10-6], [D-067][d-067]).
decisions.md	11854	§10.3	D-288	Rejected	- *A no-publish advance mode on `step!`:* forks execution semantics for CI's benefit and breaks [§10.3][s10-3]'s publication-after-every-boundary property.
extensions.md	41	§10.5			- **Hybrid execution** — continuous flow, multi-rate discrete updates, zero-crossing events, ZOH between ticks — is the core formalism ([§2][s2]), with the ZOH delivered *by construction* through the interior/boundary sweep split ([§10.5][s10-5]) rather than by runtime gating.
extensions.md	44	§10.4			- **Event detection** with cheap boundary detection plus opt-in localization ([§2.1][s2-1], [§10.4][s10-4]) matches Simulink's zero-crossing machinery in semantics; the explicit two-policy split is arguably cleaner than a global zero-crossing option.
extensions.md	47	§10.5			[§10.5][s10-5] records why atomic subsystems are an artificial-loop factory we refuse to reproduce.
extensions.md	63	§10.2			**Solver suite (adaptive, stiff, implicit).** The stepper seam ([§10.2][s10-2]) was shaped for exactly this: arbitrary `h`, dense output on demand, one-step methods only.
extensions.md	70	§10.5			**Sample-time phase offsets.** Recorded in [§10.5][s10-5] as "no phase offsets in the first cut (no demonstrated use)".
extensions.md	94	§10.5			Running a discrete component's `s_update` off a signal edge rather than a timer is closer than it first appears — the due set is already per-boundary runtime data ([§10.5][s10-5]), and the interior/boundary sweep split does not care *why* an entry is due — but the `Δt` story breaks: a triggered component has no period, and [§10.5][s10-5] makes `Δt` a schedule-derived bundle field that discretized laws consume.
extensions.md	96	§10.5			Running a discrete component's `s_update` off a signal edge rather than a timer is closer than it first appears — the due set is already per-boundary runtime data ([§10.5][s10-5]), and the interior/boundary sweep split does not care *why* an entry is due — but the `Δt` story breaks: a triggered component has no period, and [§10.5][s10-5] makes `Δt` a schedule-derived bundle field that discretized laws consume.
extensions.md	119	§10.5			Rejected in [§10.5][s10-5]; analyzed in depth in section 1.4 below, because it is the closed axis whose boundary is least obvious.
extensions.md	133	§10.5			Everything downstream exploits this: the due set is a pure function of the frame index (counter modulo, [§10.5][s10-5]), frames have fixed length for real-time pacing ([§10.7][s10-7]), and the trace needs no tick timestamps because tick times are derivable.
extensions.md	134	§10.7			Everything downstream exploits this: the due set is a pure function of the frame index (counter modulo, [§10.5][s10-5]), frames have fixed length for real-time pacing ([§10.7][s10-7]), and the trace needs no tick timestamps because tick times are derivable.
extensions.md	175	§10.5			Re-examination showed the two decisions most suspected of `FlightCore` inheritance were in fact re-derived on independent grounds: parent-relative rates ([§10.5][s10-5] explicitly identifies `Subsampled`'s parent-relative multipliers as a call-tree artifact, then re-chooses relative declaration because *ratios* are intrinsic to a control architecture while absolute rates are deployment decisions) and virtual assemblies (a departure from FlightCore's execution-through-composition, coinciding with the reference's own virtual-subsystem default).
extensions.md	323	§10.4			But at an event crossing the crossing *time* depends on the parameter, and naive propagation misses that term; the standard sensitivity jump correction is research-grade machinery deliberately out of scope — consistent with [§10.4][s10-4]'s rejection of Newton/AD localization on C⁰ grounds.
implementation.md	237	§10.4			Spec: §5.3, §9.5, §9.7, §10.4–§10.6, §13.4, §13.5, §14.5, D-059, D-205, D-235, D-249, D-255, D-261, D-289.
implementation.md	237	§10.6			Spec: §5.3, §9.5, §9.7, §10.4–§10.6, §13.4, §13.5, §14.5, D-059, D-205, D-235, D-249, D-255, D-261, D-289.
implementation.md	298	§10.4			Spec: §5.3, §5.5, §5.6, §6.1, §7.1, §7.3, §8.2, §9.1–§9.4, §9.7, §10.4, §13.2, D-012, D-051, D-094, D-166, D-179, D-208, D-210, D-229, D-231, D-235, D-236, D-237, D-247, D-248, D-250, D-252, D-253, D-256, D-261, D-263, D-265, D-289.
implementation.md	385	§10.6			- The §10.6 event phase, with its `FiringBudget` degradation.
implementation.md	406	§10.7			- The pacing verbs and the `Pacer` (§10.7, §12.1, D-269):
implementation.md	494	§10.2			Spec: §10.2–§10.7, §11.1–§11.5, §11.8, §12.1–§12.7, §13.2, §13.4–§13.6, §14, §14.5, §14.6, D-027, D-059, D-101, D-157, D-203, D-218, D-219, D-221, D-223, D-232, D-233, D-248, D-250, D-253, D-254, D-255, D-256, D-260, D-261, D-268, D-269, D-270, D-274.
implementation.md	494	§10.7			Spec: §10.2–§10.7, §11.1–§11.5, §11.8, §12.1–§12.7, §13.2, §13.4–§13.6, §14, §14.5, §14.6, D-027, D-059, D-101, D-157, D-203, D-218, D-219, D-221, D-223, D-232, D-233, D-248, D-250, D-253, D-254, D-255, D-256, D-260, D-261, D-268, D-269, D-270, D-274.
implementation.md	505	§10.2			Spec: §10.2, D-017.
implementation.md	535	§10.5			Spec: §9.2, §10.5, §12.7, Appendix B, Appendix C, D-187, D-227, D-229, D-250, D-254, D-256, D-261.
implementation.md	549	§10.7			- The run's pacer, carried beside the policy and the addresses to the `t*` publication for its record (§10.7, D-269).
implementation.md	551	§10.2			Spec: §10.2, §10.4, §10.7, §13.4, §13.5, D-018, D-059, D-133, D-255, D-260, D-261, D-269.
implementation.md	551	§10.4			Spec: §10.2, §10.4, §10.7, §13.4, §13.5, D-018, D-059, D-133, D-255, D-260, D-261, D-269.
implementation.md	551	§10.7			Spec: §10.2, §10.4, §10.7, §13.4, §13.5, D-018, D-059, D-133, D-255, D-260, D-261, D-269.
implementation.md	566	§10.7			- `DebtReanchor`, the pacer's forgiveness on the loop's own cell (§10.7);
implementation.md	578	§10.7			Spec: §10.7, §11.1–§11.4, §11.8, §12.2, §12.4, §12.6, §13.2, §13.5, D-023, D-027, D-038, D-137, D-250, D-255, D-269.
implementation.md	674	§10.7			- The control plane (§12.1) and the pacer riding on the control plane (§10.7).
implementation.md	695	§10.7			- `wait_deadline!` is §10.7's pacer wait.
implementation.md	706	§10.7			Spec: §10.7, §11.3, §12.1–§12.4, §12.6, D-021, D-027, D-203, D-232, D-255, D-256, D-268, D-269.
pending.md	93	§10.7			- **Publication's garbage** (§7.5, §10.7, §11.2, D-269).
companions/event_visibility_walkthrough.md	4	§10.6			The ground truth is `spec.md` [§5.3][s5-3] (step-boundary semantics), [§10.6][s10-6] (event iteration) and decision [D-154][d-154], which settled the visibility rule below (the table is written only by sweeps; a component fires at most one event per round) on 2026-08-07, superseding the round-3 rule of [D-016][d-016]/[D-100][d-100]/[D-152][d-152].
companions/event_visibility_walkthrough.md	54	§10.6			At a step boundary the event phase iterates ([§10.6][s10-6]): rounds of
companions/event_visibility_walkthrough.md	61	§10.6			with each declared event firing at most `firing_budget` times per boundary ([§10.6][s10-6], default 4, eligibility read against its last-observed sample), and declaration order ([§8.2][s8-2]) picking among a component's simultaneously-eligible events.
companions/event_visibility_walkthrough.md	87	§10.6			Cross-component order would fall to the build's executor order, a schedule artifact that rewiring silently permutes: model semantics leaking from a build detail, the same disease [§10.6][s10-6] diagnosed when it rejected the single-pass cascade.
companions/flight_case_studies.md	281	§10.5			`N_base` binds `Δt_base = N_base·h` ([§10.5][s10-5]).
companions/frame_walkthrough.md	3	§10.4			The spec ([§10.4][s10-4], [§10.5][s10-5], [§10.6][s10-6]; the seam in [§10.2][s10-2], publication in [§11.2][s11-2]) wins wherever the two disagree.
companions/frame_walkthrough.md	3	§10.5			The spec ([§10.4][s10-4], [§10.5][s10-5], [§10.6][s10-6]; the seam in [§10.2][s10-2], publication in [§11.2][s11-2]) wins wherever the two disagree.
companions/frame_walkthrough.md	3	§10.6			The spec ([§10.4][s10-4], [§10.5][s10-5], [§10.6][s10-6]; the seam in [§10.2][s10-2], publication in [§11.2][s11-2]) wins wherever the two disagree.
companions/frame_walkthrough.md	4	§10.2			The spec ([§10.4][s10-4], [§10.5][s10-5], [§10.6][s10-6]; the seam in [§10.2][s10-2], publication in [§11.2][s11-2]) wins wherever the two disagree.
companions/frame_walkthrough.md	44	§10.7			`roster` is the run's copy of the roster, bound once at `run!` ([§11.3][s11-3]), `pol` and `addrs` the advance's stop policy with its compiled face addresses ([§13.5][s13-5]), and `pacer` the run's pacer ([§10.7][s10-7]), all threaded through the loop as arguments.
companions/frame_walkthrough.md	51	§10.5			This selector is the whole of the frame/tick discrimination [§10.5][s10-5] describes: the gate reads a tick index, and an off-tick frame top has none.
companions/frame_walkthrough.md	80	§10.2			**One integration segment.** `step!(sim, h′)` in `sim.jl` sets the cursor phase to `:integrate` and crosses the stepper seam ([§10.2][s10-2]) to the backend's `step!(::RK4, sim, h)` in `stepper.jl`:
companions/frame_walkthrough.md	108	§10.5			That is the zero-order hold, by absence rather than by a runtime test ([§10.5][s10-5]).
companions/frame_walkthrough.md	121	§10.4			An event triggers when its policy is localized, its prior at the last settled boundary was not-holding, and it holds now ([§10.4][s10-4]).
companions/frame_walkthrough.md	183	§10.6			Then `event_phase!` ([§10.6][s10-6]).
companions/frame_walkthrough.md	224	§10.4			Had the remainder triggered again, the loop would localize once more, up to `localization_budget` per frame, after which further crossings are left to the frame-top boundary under a `ChatteringBudget` warning ([§10.4][s10-4]).
companions/frame_walkthrough.md	240	§10.5			Each discrete entry wears a `Gated` wrapper whose `run_at!` is the [§10.5][s10-5] gate:
companions/frame_walkthrough.md	258	§10.6			Updates run last, so they read post-transition values, and they run after the output stages, so the sampled-data recursion holds by construction: outputs from `s[k]`, then the update to `s[k+1]` ([§10.6][s10-6]).
companions/frame_walkthrough.md	288	§10.5			The update block keeps the ordinary gate at index `0`, which under the canonical residue admits exactly the `Φ = 0` components ([§10.5][s10-5]).
companions/frozen_discrete_walkthrough.md	4	§10.5			The ground truth is `spec.md` [§7.2][s7-2] (genericity scoping), [§10.5][s10-5] (gated tick scheduling), [§8.2][s8-2] (the frozen-exact typing rule), [§9.5][s9-5] (the embedding guarantee) and [§14.10][s14-10] (linearization and the sampled-data door), with decision [D-070][d-070] and [D-072][d-072] scoping the AD consumers.
companions/frozen_discrete_walkthrough.md	27	§10.5			Its execution contract ([§10.5][s10-5]'s gated scheduling) is: at B's tick times $t_k$, its stages run — `y_state`/`y_direct` read whatever their inputs *are at that instant*, compute B's outputs, write them to B's cells, and `s_update` updates B's `s`.
companions/localization_validation_walkthrough.md	3	§10.4			The spec ([§10.4][s10-4], [§10.6][s10-6]; context in [§2.1][s2-1], [§11.4][s11-4]) wins wherever the two disagree.
companions/localization_validation_walkthrough.md	3	§10.6			The spec ([§10.4][s10-4], [§10.6][s10-6]; context in [§2.1][s2-1], [§11.4][s11-4]) wins wherever the two disagree.
companions/localization_validation_walkthrough.md	36	§10.4			The localization trigger is "prior not-holding, holding now" ([§10.4][s10-4]).
companions/localization_validation_walkthrough.md	66	§10.4			One ordering rule makes the "still consistent" rows true, and the spec makes it explicit ([§10.4][s10-4]): the localized-event trigger checks run against the **arrival sweep** at tₙ₊₁ — *before* the boundary's due-gated sweep refreshes any discrete cells.
companions/localization_validation_walkthrough.md	155	§10.4			Note the symmetry with the *right*-end degeneracy already in [§10.4][s10-4]: t\* = tₙ₊₁ exactly → localization result discarded, event fires inside tₙ₊₁'s ordinary iteration.
companions/sample_time_proposal.md	9	§10.5			**Adopted 2026-08-12 as decision [D-185][d-185]–[D-187][d-187]**, with the section 9 amendments applied ([§10.5][s10-5], [§8.7][s8-7], [§9.1][s9-1], [§9.2][s9-2], [§9.7][s9-7], [§14.5][s14-5], [§14.8][s14-8], Appendices B/C — the spec wins on any conflict) and two deltas from the proposal as written: the `ratespec` normalization of section 2 was **dropped** — the wrappers are the whole value vocabulary, a bare integer or bare quantity is a declaration error, and an unlisted discrete child defaults to `Relative(1)` (bare-value entries surviving in the examples below read as `Relative(K)`/`Absolute(q)` under the adopted surface) — and the declaring method was renamed `rates` → `sample_times` (this document is swept to match; quoted pre-adoption spec text keeps its original wording).
companions/sample_time_proposal.md	63	§10.5			The pain sits at the boundary where relative structure meets absolute facts, and the spec's own doctrine already names that boundary: "absolute rates are deployment decisions made once at the root" ([§10.5][s10-5]).
companions/sample_time_proposal.md	163	§10.5			Multipliers compose multiplicatively, phases affinely, and both collapse at build into one `(D, Φ)` pair per discrete component — the same "all scoping compiles away" shape [§10.5][s10-5] already has.
companions/sample_time_proposal.md	227	§10.5			**The doctrinal line.** [§10.5][s10-5] rejected absolute-first declaration because it welds deployment rates into reusable definitions.
companions/sample_time_proposal.md	240	§10.5			**What this does not damage.** [§10.5][s10-5]'s structural argument for never caching `Δt`-derived coefficients survives fully intact, and in a satisfying way: the pinning happens in the *enclosing assembly's* `sample_times` — the same site where `K` lives today.
companions/sample_time_proposal.md	253	§10.5			[§10.5][s10-5]'s "the due set is a pure function of the frame index" means the due set exists only *intensionally*: compilation produces, per discrete component, a small amount of integer **gate data** — the `(D, Φ)` pair — and the due set at any boundary is "the entries whose gate passes at this boundary's tick index," evaluated inline where the entry sits in the compiled sweep.
companions/sample_time_proposal.md	353	§10.5			This deserves to be a **named, printable artifact on the `Simulation`** — it is the single source of truth for `Δt` ([§10.5][s10-5]), the substrate of every diagnostic in section 8, and the table a user reads to answer "when does what run, and what coincides with what."
companions/sample_time_proposal.md	387	§10.5			The interior (zero-arg) arities are untouched: discrete entries are *absent* from them at compile time ([§10.5][s10-5]'s static split), so the phase machinery adds literally nothing to the RK/localization hot path.
companions/sample_time_proposal.md	400	§10.6			- **Quiescence re-sweeps** ([§10.6][s10-6]): every re-sweep of the boundary passes the *same* index, so the gates return the same answers.
companions/sample_time_proposal.md	401	§10.5			[§10.5][s10-5]'s "the due set is computed once for the boundary" is a semantic fact — a pure function of an index that does not change within the boundary — not a memoized bitmask.
companions/sample_time_proposal.md	418	§10.5			This is presumably *why* [§10.5][s10-5] phrases the rule as "the due set is a property of the boundary" rather than of the index: at `t*` the counter has not advanced, and the modulo image of the unadvanced index would wrongly re-admit the previous frame's due set.
companions/sample_time_proposal.md	474	§10.5			The `Sensors` author declared ratios and a tick-count stagger; they did not know — could not know, preserving the [§10.5][s10-5] property — that a scope tick would turn out to be 2 ms wide or displaced by 1 ms.
companions/sample_time_proposal.md	499	§10.5			**What the offset bought.** With offset 0, sensors and ctrl coincide at every 20 ms boundary and [§10.5][s10-5]'s simultaneous-tick rule gives ctrl same-instant sensor data via topological order — the idealized synchronous-sampling picture.
companions/sample_time_proposal.md	505	§10.7			The second classic use is load shaping under real-time pacing ([§10.7][s10-7]): with the stagger, no single 1 ms frame executes both the sensor stack and the control stack, so worst-case frame cost is the `max` of the two rather than their sum.
companions/sample_time_proposal.md	760	§10.5			- **[§10.5][s10-5], rate declaration.** The relative-declaration paragraph gains the two forms and the severing rule (section 4); `K ≥ 1` is scoped to the relative form; the fastest-member convention is stated; the recorded limitation "no phase offsets in the first cut (no demonstrated use)" is replaced by a pointer here.
companions/sample_time_proposal.md	765	§10.5			- **[§10.5][s10-5], boundary zero.** "At boundary zero the due set is everything" refines to "everything with `Φ = 0`" — implemented by nothing, per section 5.5.
companions/sample_time_proposal.md	779	§10.5			- **Documentation next to [§10.5][s10-5]'s simultaneous-tick rule.** The choice between coincident ticks (fresh same-instant reads via topological order) and staggered ticks (pipelined, deterministically aged reads) is a modeling decision with observable consequences — sections 6 and 7.4 — and should be documented where a user debugging "why does my controller see stale data" will find it.
